",Tanggal,Pengguna,Tweet,"
"0,12/12/2022 04:19,ENS53311139,YTH KAPOLRI DENSUS BNPT STOP MENDISCREDIT ISLAM DGN ISIS TERORIS RADIKAL INTOLERANSI KARENA BUKAN AKHLAQ MUSLIM DI NKRI TERORIS ISIS AKHLAQ RADIKAL MAUPUN INTOLERANSI SEMUA FITNAH NEGARA PHOBIA ISLAM,Netral"
"1,12/12/2022 04:16,RawasUluSektor,Bhabinkamtibmas Polsek Rawas Ulu Polres Muratara Polda Sumsel menyebarkan maklumat Kapolri tentang larangan karhutlah sumsel musirawasutara,Netral"
"2,12/12/2022 04:14,sitohang76,Indahnya toleransi Indonesia CC yth Bapak Menkopolhukam Bapak Kapolri Bapak Presiden Saya percaya Indonesia akan baik2 saja,Positif"
"3,12/12/2022 04:11,polsek_gemolong,Resepsi Kaesang Erina Berjalan Sukses Kapolri Apresiasi Masyarakat Surakarta Kapolri Apresiasi Masyarakat Surakarta dan Sinergitas TNI Polri Dalam Pengamanan Resepsi Kaesang,Positif"
"4,12/12/2022 04:07,RawasUluSektor,Bhabinkamtibmas Polsek Rawas Ulu Polres Muratara Polda Sumsel menyebarkan maklumat Kapolri tentang larangan karhutlah sumsel musirawasutara,Netral"
"5,12/12/2022 04:02,jokoasm39190041,KAPOLDA SUMSEL BERI PENGHARGAAN KEPADA PERSONIL YANG BERPRESTASI poldasumsel kapoldasumsel polri palembang listyosigitprabowo hermanderu indozone detiknews plglipp humaspolri sumsel wibowo,Netral"
"6,12/12/2022 04:01,pelitahati368,KAPOLDA SUMSEL BERI PENGHARGAAN KEPADA PERSONIL YANG BERPRESTASI poldasumsel kapoldasumsel polri palembang listyosigitprabowo hermanderu indozone detiknews plglipp humaspolri sumsel wibowo,Netral"
"7,12/12/2022 04:00,celebdotid,Prosesi Pernikahan Kaesang dan Erina Berjalan sesuai Rencana Kapolri Puji Sinergi TNI dan Polri CelebritiesDotID InfoCelebTerkini,Netral"
"8,12/12/2022 03:52,Bisniscom,IPW Minta Kapolri Tuntaskan Kasus Pelanggaran oleh Perwira Tinggi,Positif"
"9,12/12/2022 03:51,L3laki_5unyi,Tuan presdent Panglima TNI TNI Kapolri lihatlah anak bangsamu menjadi korban keganasan OPM,Negatif"
"10,12/12/2022 03:50,polres_sragen_,Kapolri Apresiasi Masyarakat Surakarta dan Sinergitas TNI Polri Dalam Pengamanan Resepsi Kaesang,Positif"
"11,12/12/2022 03:45,klatenutara_,Terima kasih atas kerja keras kekompakan dan loyalitas tanpa batas sehingga kegiatan berjalan aman dan lancar listyosigitprabowo humas poldajateng divisihumaspolri polresklaten fyp klaten polisi fyp polresklatenhadir viral klatenhariini klaten,Positif"
"12,12/12/2022 03:43,hikmatsholeh,Calon Kapolri 45 thn kedepan,Positif"
"13,12/12/2022 03:35,polsekpinangtng,IPDA SENDY PURNAMA SH Kanit Binmas Polsek Pinang didampingi oleh Bhabinkamtibmas Kel Kunciran BRIPKA FITRA SYAHIDIN melaksanakan kegiatan monitoring sekaligus sambang ke area pusat perbelanjaan ikea alam sutera kapolri kapoldametrojaya kapolresmetrotangerangkota,Negatif"
"14,12/12/2022 03:30,poldajateng_,Kapolda Jateng Irjen Pol Drs Ahmad Luthfi S H mendampingi Kapolri Jenderal Polisi Drs Listyo Sigit Prabowo asistensi dan melaksanakan pengamanan dalam rangka Ngunduh Mantu Putra Presiden RI Kaesang Erina 11 12,Positif"
"15,12/12/2022 03:30,detikhot,Kapolri Jenderal Polisi Listyo Sigit sampaikan terima kasih pada jajarannya hingga Panglima TNI yang telah bersinergi mengamankan prosesi pernikahan Kaesang Erina di Solo,Positif"
"16,12/12/2022 03:28,detikcom,Kapolri Jenderal Polisi Listyo Sigit sampaikan terima kasih pada jajarannya hingga Panglima TNI yang telah bersinergi mengamankan prosesi pernikahan Kaesang Erina di Solo,Positif"
"17,12/12/2022 03:27,PolsekMiri,Resepsi Kaesang Erina Berjalan Sukses Kapolri Apresiasi Masyarakat Surakarta Kapolri Apresiasi Masyarakat Surakarta dan Sinergitas TNI Polri Dalam Pengamanan Resepsi Kaesang SURAKARTA,Positif"
"18,12/12/2022 03:26,kuasakatacom,Kapolri Apresiasi Sinergitas TNI Polri Jaga Keamanan Resepsi Kaesang Erina,Netral"
"19,12/12/2022 03:15,Sukodono14,Resepsi Kaesang Erina Berjalan Sukses Kapolri Apresiasi Masyarakat Surakarta Kapolri Apresiasi Masyarakat Surakarta dan Sinergitas TNI Polri Dalam Pengamanan Resepsi Kaesang SURAKARTA,Positif"
"20,12/12/2022 03:11,SambirejoPolsek,Resepsi Kaesang Erina Berjalan Sukses Kapolri Apresiasi Masyarakat Surakarta Kapolri Apresiasi Masyarakat Surakarta dan Sinergitas TNI Polri Dalam Pengamanan Resepsi Kaesang,Positif"
"21,12/12/2022 03:00,celebdotid,Pernikahan Kaesang dan Erina Berjalan Aman dan Tertib Kapolri Ucapkan Terima Kasih CelebritiesDotID InfoCelebTerkini,Positif"
"22,12/12/2022 02:59,Inara65008560,Bhabinkamtibmas Polsek Muara Padang melaksanakan giat POLISI SANJO di Desa Binaan Kec Muara Padang amp Kec Muara Sugihan kapolri Kapoldasumsel kapolresbanyuasin poldasumsel polresbanyuasin polisibanyuasin polsekmuariana Polripresisi polripresisipoldasumsel,Negatif"
"23,12/12/2022 02:58,PolsekSambungm3,Resepsi Kaesang Erina Berjalan Sukses Kapolri Apresiasi Masyarakat Surakarta Kapolri Apresiasi Masyarakat Surakarta dan Sinergitas TNI Polri Dalam Pengamanan Resepsi Kaesang,Positif"
"24,12/12/2022 02:56,km03_s,Marwan Batubara Dua Tahun Tragedi KM 50 Rakyat Menuntut Tanggungjawab Kapolri Sigit dan Presiden Jokowi TumbangkanPenguasaKemaruk TumbangkanPenguasaKemaruk,Netral"
"25,12/12/2022 02:54,MediaKomando,Kapolri Apresiasi Sinergitas TNI Polri Jaga Keamanan Resepsi Kaesang Erina,Netral"
"26,12/12/2022 02:44,kuasakatacom,Kapolri Ratusan Ribu Warga Tertib Ikuti Acara Nikahan Kaesang Erina,Netral"
"27,12/12/2022 02:40,intanalyze,TERORIS itu fakta Ada korbannya khususnya NATAL Bahwa dalam perjalanannya ada sesuatu Jangan dong pimred serra merta menggampangkan Tanya Pak Kapolri Polri kalo mmg ada oknum yg terkait narkoba Pisahkan dulu dong,Positif"
"28,12/12/2022 02:37,kumparan,Kapolri Jenderal Listyo Sigit Prabowo menyampaikan rasa syukurnya atas kelancaran seluruh rangkaian acara pernikahan Kaesang Erina di Yogyakarta dan Solo publisherstory bengawannews,Positif"
"29,12/12/2022 02:24,GATRA_com,Ngunduh Mantu Jokowi Aman Kapolri Densus 88 Bekerja Keras,Positif"
"30,12/12/2022 02:22,Polsekgiriwoyo8,Resepsi Kaesang Erina Berjalan Sukses Kapolri Apresiasi Masyarakat Surakarta Kapolri Apresiasi Masyarakat Surakarta dan Sinergitas TNI Polri Dalam Pengamanan Resepsi Kaesang,Positif"
"31,12/12/2022 02:17,LMagetan98,Maaf Bapak KAPOLRI apakah SPTL itu baru muncul setelah adanya sp2hp kalau di mintai SPTL tidak mau memberikan saksinya apa dari internal POLRI Mohon jawabannya Terimakasih atas perhatiannya,Negatif"
"32,12/12/2022 02:15,ahmadmfauzi1,Kapolri Apresiasi Masyarakat Surakarta dan Sinergitas TNI Polri Dalam Pengamanan Resepsi Kaesang SURAKARTA Antusiasme ratusan ribu warga Surakarta serta rangkaian resepsi Kaesang Erina yang berjalan sukses mendapat apresiasi dari Kapolri Jenderal Listyo Sigit Prabowo,Positif"
"33,12/12/2022 02:07,PolsekMasaran,Resepsi Kaesang Erina Berjalan Sukses Kapolri Apresiasi Masyarakat Surakarta Kapolri Apresiasi Masyarakat Surakarta dan Sinergitas TNI Polri Dalam Pengamanan Resepsi Kaesang,Positif"
"34,12/12/2022 02:07,polsek_tangen,Resepsi Kaesang Erina Berjalan Sukses Kapolri Apresiasi Masyarakat Surakarta Antusiasme ratusan ribu warga Surakarta serta rangkaian resepsi Kaesang Erina yang berjalan sukses mendapat apresiasi dari Kapolri Jenderal Listyo Sigit Prabowo,Positif"
"35,12/12/2022 02:06,NarasiNewsroom,Laporan hasil pemeriksaan Div Propam Polri terkait kasus suap tambang ilegal ke sejumlah perwira tinggi di Polda Kalimantan Timur dan Mabes Polri sudah pernah diserahkan ke Kapolri April lalu Kok sampai sekarang belum jelas tindaklanjutnya ya,Negatif"
"36,12/12/2022 02:03,polsek_sragen,Resepsi Kaesang Erina Berjalan Sukses Kapolri Apresiasi Masyarakat Surakarta Kapolri Apresiasi Masyarakat Surakarta dan Sinergitas TNI Polri Dalam Pengamanan Resepsi Kaesang SURAKARTA Antusiasme ratusan ribu warga Surakarta serta rangkaian resepsi Kaesang Erina,Positif"
"37,12/12/2022 02:01,plupuh_polsek,Resepsi Kaesang Erina Berjalan Sukses Kapolri Apresiasi Masyarakat Surakarta Kapolri Apresiasi Masyarakat Surakarta dan Sinergitas TNI Polri Dalam Pengamanan Resepsi Kaesang,Positif"
"38,12/12/2022 01:59,LeonEI85123528,Resepsi Kaesang Erina Berjalan Sukses Kapolri Apresiasi Masyarakat Surakarta Kapolri Apresiasi Masyarakat Surakarta dan Sinergitas TNI Polri Dalam Pengamanan Resepsi Kaesang,Positif"
"39,12/12/2022 01:57,sekkarangmalan2,Resepsi Kaesang Erina Berjalan Sukses Kapolri Apresiasi Masyarakat Surakarta Kapolri Apresiasi Masyarakat Surakarta dan Sinergitas TNI Polri Dalam Pengamanan Resepsi Kaesang,Positif"
"40,12/12/2022 01:52,TirtaHartanto,Yth Pak Lihat video roelca TikTok,Netral"
"41,12/12/2022 01:42,Tribun_Solo,Tak Hanya TNI Polri Kapolri Sebut Densus 88 Antiteror Ikut Amankan Pernikahan Kaesang dan Erina,Netral"
"42,12/12/2022 01:39,Bhabin_Botu,Meninjau pembangunan POS KAMLING hasil swadaya masyarakat di Lorong Damai RT002 RW002 Kelurahan Botu kapolresgorontalokota polresgorontalokota polripresisi divisihumaspolri listyosigitprabowo kapolri bhabinkamtibmas poldagorontalo,Netral"
"43,12/12/2022 01:38,agoezsatria3,Justru yg ga tegas adl Kapolri amp Penegak Hukum Coba klo itu pelakunya orang awam pasti sdh di DOR MATI selesai Tp ini plakunya Jenderal Berbintang kaya raya pny anggota bawah smp atas Jd berkelit jgn mengkaburkan pasal yg sdh jelas Mentang pny duit bnyk amp berpangkat tinggi,Positif"
"44,12/12/2022 01:33,m4nc3uh,Marwan Batubara Dua Tahun Tragedi KM 50 Rakyat Menuntut Tanggungjawab Kapolri Sigit dan Presiden Jokowi TumbangkanPenguasaKemaruk TumbangkanPenguasaKemaruk,Netral"
"45,12/12/2022 01:19,SepitartoFrans,Selamat nggih pak Kapolri,Netral"
"46,12/12/2022 00:59,20detik,Pernikahan Kaesang Erina Lancar Kapolri Terima Kasih Warga Solo,Positif"
"47,12/12/2022 00:48,polsekpinangtng,Bhabinkamtibmas Kel Kunciran BRIPKA FITRA SYAHIDIN SH melaksanakan kegiatan patroli ke area pusat perbelanjaan ikea alam sutera tatap muka dengan scurity Sdr ROHIM kapolri kapoldametrojaya poldametrojaya kapolresmetrotangerangkota zaindwinugroho,Negatif"
"48,12/12/2022 00:45,ikhwan2a,Kapolri Listyo Sigit Bersyukur Rangkaian Pernikahan Kaesang Erina Berjalan Aman,Positif"
"49,12/12/2022 00:42,C4H7O_2,Polri TNI Kapolri lembek anak buah pasti lembek,Netral"
"50,12/12/2022 00:41,polsekpinangtng,IPTU HENDI SETIAWAN SH Kapolsek Pinang pimpin pengamanan babak Final turnamen sepak bola PPP Cup Ke I Babak Semi Final Tahun 2022 di Lapangan Sepak bola Bunga Mekar Kel Kunciran Jaya Kec Pinang Kota Tangerang kapolri kapoldametrojaya kapolresmetrotangerangkota,Netral"
"51,12/12/2022 00:38,tempodotco,Kapolri Listyo Sigit Bersyukur Rangkaian Pernikahan Kaesang Erina Berjalan Aman TempoNasional,Positif"
"52,12/12/2022 00:21,ileng_s,Marwan Batubara Dua Tahun Tragedi KM 50 Rakyat Menuntut Tanggungjawab Kapolri Sigit dan Presiden Jokowi TumbangkanPenguasaKemaruk TumbangkanPenguasaKemaruk,Netral"
"53,12/12/2022 00:21,Royrkarim,TV Eliezer dan kapolri jg dibohongi,Netral"
"54,12/12/2022 00:19,idhumhii,Bong jika bukan anak presiden apa kapolri panliima tni bin dan menteri2 serta pejabat2 tingkat daerah mau sibuk2 dan yg jelas mereka mereka melekat oasilitas Negara,Positif"
"55,12/12/2022 00:16,Raja378Raja3781,Resepsi Kaesang Erina Berjalan Sukses Kapolri Apresiasi Masyarakat Surakarta Kapolri Apresiasi Masyarakat Surakarta dan Sinergitas TNI Polri Dalam Pengamanan Resepsi Kaesang,Positif"
"56,12/12/2022 00:16,BiLLYKHAERUDIN,Mosok kayak gini aja mesti ngetag aku Kapolri sih,Netral"
"57,12/12/2022 00:16,LstwnA,Marwan Batubara Dua Tahun Tragedi KM 50 Rakyat Menuntut Tanggungjawab Kapolri Sigit dan Presiden Jokowi TumbangkanPenguasaKemaruk TumbangkanPenguasaKemaruk,Netral"
"58,11/12/2022 23:44,89Kul,Marwan Batubara Dua Tahun Tragedi KM 50 Rakyat Menuntut Tanggungjawab Kapolri Sigit dan Presiden Jokowi TumbangkanPenguasaKemaruk TumbangkanPenguasaKemaruk,Netral"
"59,11/12/2022 23:23,doel_abbie,Marwan Batubara Dua Tahun Tragedi KM 50 Rakyat Menuntut Tanggungjawab Kapolri Sigit dan Presiden Jokowi TumbangkanPenguasaKemaruk TumbangkanPenguasaKemaruk,Netral"
"60,11/12/2022 23:20,KangCafebubar,Marwan Batubara Dua Tahun Tragedi KM 50 Rakyat Menuntut Tanggungjawab Kapolri Sigit dan Presiden Jokowi TumbangkanPenguasaKemaruk TumbangkanPenguasaKemaruk,Netral"
"61,11/12/2022 23:13,SangFajar51,Marwan Batubara Dua Tahun Tragedi KM 50 Rakyat Menuntut Tanggungjawab Kapolri Sigit dan Presiden Jokowi TumbangkanPenguasaKemaruk TumbangkanPenguasaKemaruk,Netral"
"62,11/12/2022 23:08,Fathee_Q,Marwan Batubara Dua Tahun Tragedi KM 50 Rakyat Menuntut Tanggungjawab Kapolri Sigit dan Presiden Jokowi TumbangkanPenguasaKemaruk TumbangkanPenguasaKemaruk,Netral"
"63,11/12/2022 23:03,PunggawaSI,Marwan Batubara Dua Tahun Tragedi KM 50 Rakyat Menuntut Tanggungjawab Kapolri Sigit dan Presiden Jokowi TumbangkanPenguasaKemaruk TumbangkanPenguasaKemaruk,Netral"
"64,11/12/2022 23:00,JC_95S,Marwan Batubara Dua Tahun Tragedi KM 50 Rakyat Menuntut Tanggungjawab Kapolri Sigit dan Presiden Jokowi TumbangkanPenguasaKemaruk TumbangkanPenguasaKemaruk,Netral"
"65,11/12/2022 23:00,ShiddiqueA,Marwan Batubara Dua Tahun Tragedi KM 50 Rakyat Menuntut Tanggungjawab Kapolri Sigit dan Presiden Jokowi TumbangkanPenguasaKemaruk TumbangkanPenguasaKemaruk,Netral"
"66,11/12/2022 23:00,umma_nafa,Marwan Batubara Dua Tahun Tragedi KM 50 Rakyat Menuntut Tanggungjawab Kapolri Sigit dan Presiden Jokowi TumbangkanPenguasaKemaruk TumbangkanPenguasaKemaruk,Netral"
"67,11/12/2022 23:00,M4l3zm4ndi,Marwan Batubara Dua Tahun Tragedi KM 50 Rakyat Menuntut Tanggungjawab Kapolri Sigit dan Presiden Jokowi TumbangkanPenguasaKemaruk TumbangkanPenguasaKemaruk,Netral"
"68,11/12/2022 23:00,Lady4lph,Marwan Batubara Dua Tahun Tragedi KM 50 Rakyat Menuntut Tanggungjawab Kapolri Sigit dan Presiden Jokowi TumbangkanPenguasaKemaruk TumbangkanPenguasaKemaruk,Netral"
"69,11/12/2022 23:00,Julidzone,Marwan Batubara Dua Tahun Tragedi KM 50 Rakyat Menuntut Tanggungjawab Kapolri Sigit dan Presiden Jokowi TumbangkanPenguasaKemaruk TumbangkanPenguasaKemaruk,Netral"
"70,11/12/2022 23:00,H4fs4h1,Marwan Batubara Dua Tahun Tragedi KM 50 Rakyat Menuntut Tanggungjawab Kapolri Sigit dan Presiden Jokowi TumbangkanPenguasaKemaruk TumbangkanPenguasaKemaruk,Netral"
"71,11/12/2022 22:47,SINDOnews,Pernikahan Kaesang Erina Jenderal Andika Perkasa hingga Kapolri Kompak Kenakan Busana Abu abu Sindonews BukanBeritaBiasa,Positif"
"72,11/12/2022 22:20,Vita00990021,Sidokkes Polres OKI Polda Sumsel bersama Kasat Binmas Polres OKI Polda Sumsel melakukan giat Inovasi Bersinar terhadap masyrakat umum di Kec Tanjung Lubuk Kab OKI Bersama Tingkatkan Kesehatan Masyarakat Anda tersenyum sehat kami bahagia mabespolri okiupdate kapolri,Positif"
"73,11/12/2022 22:19,Vita00990021,Sidokkes Polres OKI Polda Sumsel juga melayani kesehatan gigi pada anak Anda tersenyum sehat kami bahagia mabespolri okiupdate kapolri jokowi listyosigitprabowo poldasumsel kapolri akabri2001 kapoldasumsel ArachmadW Rachmadwibowo polisisumsel akpol2001,Positif"
"74,11/12/2022 22:19,Vita00990021,Artikel Kesehatan Sidokkes Polres OKI Polda Sumsel Buah favorit siapa nih Ternyata banyak manfaatnya Anda tersenyum sehat kami bahagia mabespolri okiupdate kapolri jokowi listyosigitprabowo poldasumsel kapolri akabri2001 kapoldasumsel ArachmadW Rachmadwibowo,Positif"
"75,11/12/2022 22:18,Vita00990021,Kalian lebih suka nasi dingin atau panas Sidokkes Polres OKI Polda Sumsel menyarankan bagi penderita Diabetes sebaiknya makan nasi dingin ya karna rendah gula Anda tersenyum sehat kami bahagia mabespolri okiupdate kapolri jokowi listyosigitprabowo poldasumsel,Positif"
"76,11/12/2022 22:18,Vita00990021,Dalam meningkatkan mutu pelayanan Sidokkes Polres OKI Polda Sumsel rutin melakukan perawatan Alkes Anda tersenyum sehat kami bahagia mabespolri okiupdate kapolri jokowi listyosigitprabowo poldasumsel kapolri akabri2001 kapoldasumsel ArachmadW Rachmadwibowo,Positif"
"77,11/12/2022 22:16,okezonenews,Pernikahan Kaesang Erina Berjalan Aman Kapolri Terima Kasih Panglima TNI LengkapCepatBeritanya BeritaTerkini Berita News BeritaNasional,Positif"
"78,11/12/2022 22:00,SINDOnews,Pernikahan Kaesang Erina Berjalan Aman Kapolri Puji Kolaborasi TNI Polri Sindonews BukanBeritaBiasa,Positif"
"79,11/12/2022 21:43,MNCkoranSINDO,Pernikahan Kaesang Erina Berjalan Lancar Kapolri Ucapkan Terima Kasih ke Panglima TNI,Positif"
"80,11/12/2022 20:11,Nusantara118,Beliau adalah Panglima tertinggi TNI Polri dan lambang negara mohon segera diusut dan ditangkap pak Cc Polri Pak Kapolri,Netral"
"81,11/12/2022 19:06,soloposdotcom,Bersyukur Tasyakuran Pernikahan Kaesang Erina Lancar Kapolri Tetap Evaluasi,Positif"
"82,11/12/2022 19:01,kabartimlo,Acara Ngunduh Mantu Jokowi Selesai Ini yang Jadi Sorotan Kapolri,Netral"
"83,11/12/2022 19:01,timlovers,Acara Ngunduh Mantu Jokowi Selesai Ini yang Jadi Sorotan Kapolri,Netral"
"84,11/12/2022 18:59,antaranews,Kapolri bersyukur rangkaian pernikahan Kaesang Erina berjalan aman,Positif"
"85,11/12/2022 18:49,voidotid,Kapolri bersyukur,Netral"
"86,11/12/2022 18:46,CNNIndonesia,Kapolri Ratusan Ribu Warga Ramaikan Kirab Pengantin Kaesang Erina,Netral"
"87,11/12/2022 18:36,mynewsindo,Apresiasi Dukungan Warga Kapolri Seluruh Rangkaian Pernikahan Kaesang Berjalan Aman dan Lancar,Positif"
"88,11/12/2022 18:31,polsekpinangtng,IPDA SENDY PURNAMA SH Kanit Binmas Polsek Pinang lakukan pengamanann Giat Pengamanan Gereja GBI amp Gereja JPCC Mall Alam sutra JL Jalur Sutra Boulevard Kel Panunggangan Timur Kec Pinang Kota Tangerang kapolri kapoldametrojaya poldametrojaya polresmetrotangerangkota,Netral"
"89,11/12/2022 18:27,FRONTPERSAUDAR2,SelluHijaU Polri Emng sok kenal deket sma kapolri,Netral"
"90,11/12/2022 18:26,liputan6dotcom,Kapolri Bersyukur Rangkaian Pernikahan Kaesang Erina Berjalan Lancar dan Tertib,Positif"
"91,11/12/2022 18:22,polsekpinangtng,IPDA SURURUDIN Kanit Samapta Polsek Pinang lakukan Kegiatan Rutin Yang Ditingkatkan KRYD dengan Patroli Biru Blue Light Patrol Antisipasi Guantibmas amp Tindak Pidana Lainnya di Wilayah Hukum Polsek Pinang kapolri kapoldametrojaya kapolresmetrotangerangkota,Positif"
"92,11/12/2022 17:54,jpnncom,Pernikahan Kaesang Lancar Tanpa Kendala Kapolri Ucapkan Kalimat Ini KapolriJenderalListyoSigitPrabowo,Positif"
"93,11/12/2022 17:53,ysari2906,Artikel Kesehatan Sidokkes Polres OKI Polda Sumsel Jam piket organ tubuh Ayoo perhatikan organ tubuh kita Kalau bukan kita siapa lagi Anda tersenyum sehat kami bahagia mabespolri okiupdate kapolri jokowi listyosigitprabowo poldasumsel kapolri akabri2001,Positif"
"94,11/12/2022 17:52,ysari2906,Dalam meningkatkan mutu pelayanan Sidokkes Polres OKI Polda Sumsel rutin melakukan perawatan Alkes Anda tersenyum sehat kami bahagia mabespolri okiupdate kapolri jokowi listyosigitprabowo poldasumsel kapolri akabri2001 kapoldasumsel ArachmadW Rachmadwibowo,Positif"
"95,11/12/2022 17:51,ysari2906,Kalian lebih suka nasi dingin atau panas Sidokkes Polres OKI Polda Sumsel menyarankan bagi penderita Diabetes sebaiknya makan nasi dingin ya karna rendah gula Anda tersenyum sehat kami bahagia mabespolri okiupdate kapolri jokowi listyosigitprabowo poldasumsel,Positif"
"96,11/12/2022 17:51,ysari2906,Artikel Kesehatan Sidokkes Polres OKI Polda Sumsel Buah favorit siapa nih Ternyata banyak manfaatnya Anda tersenyum sehat kami bahagia mabespolri okiupdate kapolri jokowi listyosigitprabowo poldasumsel kapolri akabri2001 kapoldasumsel ArachmadW Rachmadwibowo,Positif"
"97,11/12/2022 17:50,ysari2906,Sidokkes Polres OKI Polda Sumsel juga melayani kesehatan gigi pada anak Anda tersenyum sehat kami bahagia mabespolri okiupdate kapolri jokowi listyosigitprabowo poldasumsel kapolri akabri2001 kapoldasumsel ArachmadW Rachmadwibowo polisisumsel akpol2001,Positif"
"98,11/12/2022 17:50,ysari2906,Sidokkes Polres OKI Polda Sumsel bersama Kasat Binmas Polres OKI Polda Sumsel melakukan giat Inovasi Bersinar terhadap masyrakat umum di Kec Tanjung Lubuk Kab OKI Bersama Tingkatkan Kesehatan Masyarakat Anda tersenyum sehat kami bahagia mabespolri okiupdate kapolri,Positif"
"99,11/12/2022 17:27,detikcom,Kapolri Jenderal Sigit mengapresiasi dukungan warga terhadap seluruh rangkaian pernikahan Kaesang dan Erina mulai dari DIY hingga Solo Jawa Tengah,Positif"
"100,11/12/2022 17:16,SINDOnews,Pernikahan Kaesang Erina Berjalan Lancar Kapolri Ucapkan Terima Kasih ke Panglima TNI Sindonews BukanBeritaBiasa,Positif"
"101,11/12/2022 16:59,UNadiranadifa1,Bhabinkamtibmas Polsek Muara Padang melaksanakan giat POLISI SANJO di Desa Binaan Kec Muara Padang amp Kec Muara Sugihan kapolri Kapoldasumsel kapolresbanyuasin poldasumsel polresbanyuasin polisibanyuasin polsekmuariana Polripresisi polripresisipoldasumsel,Negatif"
"102,11/12/2022 16:51,Adv_ERAT,Kelakuan APH YANG DIDUGA jadi Makelar Kasus seperti ini bisa ditolerir kah Bapak Kapolri Jenderal Polisi Drs Burhanuddin CC Bapak Presiden Republik Indonesia Ir Sumber,Positif"
"103,11/12/2022 16:46,TaretanGanjar,Perlu di atensi anggota Polisi seperti ini Bapak Kapolri Polri,Netral"
"104,11/12/2022 16:46,Crypto34209511,Cuma ingin memberitahu dan membenarkan saja tidak lebih tidak ada tindakan juga Kalau benar apa yang dikatakan Sambo apakah Kapolri juga sama hei aku bertanya apakah anda termasuk yang punya kekayaan tidak wajar,Positif"
"105,11/12/2022 16:40,detik_jateng,Kapolri Tasyakuran Pernikahan Kaesang dan Erina Berjalan Aman Lancar,Positif"
"106,11/12/2022 16:36,data_target,Kapolri Pastikan Pernikahan Kaisang Erina Berjalan Lancar,Positif"
"107,11/12/2022 16:29,tvOneNews,Kapolri Sebut Pengamanan Acara Ngunduh Mantu Kaesang Erina di Solo Berjalan Lancar,Positif"
"108,11/12/2022 16:27,merdekadotcom,Kapolri Bersyukur Rangkaian Pernikahan Kaesang Erina Berjalan Lancar,Positif"
"109,11/12/2022 16:26,MustofaNurdin1,Pak Presiden Pak Kapolri Pak Kadiv Polri,Netral"
"110,11/12/2022 16:23,BeritaSoloMedia,Resepsi Kaesang Erina Berjalan Lancar Kapolri Apresiasi Sinergitas TNI Polri Kaesang,Positif"
"111,11/12/2022 16:17,21BeritaTerkini,Kapolri bersyukur rangkaian pernikahan Kaesang Erina berjalan aman,Positif"
"112,11/12/2022 15:35,Ronny_Jaya,Orang paling BERNYALI se Indonesia Berani petantang petenteng di hadapan Presiden Petinggi Negara Walikota dsb membuat ciut nyali DanPaspampres Kapolri amp Panglima TNI untuk mengusirnya,Positif"
"113,11/12/2022 15:13,POLSEK_PAIKER00,Kapolri jend Drs Listyo Sigit Prabowo memerintahkan kepada seluruh Tim dan satgas untuk segera bergerak sehingga pengungkapan bom bunuh diri di Polsek Astana Anyar dapat dituntaskan secara maksimal kapoldasumsel kapolresempatlawangpoldasumsel poldasumsel polresempatlawang,Netral"
"114,11/12/2022 15:12,news_wanheart,Hanya 3 Bintang Dua Inilah Alumni Akpol 92 yang Berpeluang Ganti Jenderal Listyo Sigit Prabowo Jadi Kapolri,Positif"
"115,11/12/2022 14:56,SintaHani4,KAPOLRI APRESIASI SINERGITAS TNI POLRI JAGA KEAMANAN RESEPSI KAESANG ERINA,Netral"
"116,11/12/2022 14:55,DCendrianna,KAPOLRI PASTIKAN KEAMANAN seluiruh RANGKAIAN PERNIKAHAN KAESANG DAN ERINA,Netral"
"117,11/12/2022 14:55,DizkaSafitri,KAPOLRI APRESIASI SINERGITAS TNI POLRI JAGA KEAMANAN RESEPSI KAESANG ERINA,Netral"
"118,11/12/2022 14:55,ErlizaPutri5,KAPOLRI APRESIASI SINERGITAS TNI POLRI JAGA KEAMANAN RESEPSI KAESANG ERINA,Netral"
"119,11/12/2022 14:55,SyifaZelmira,KAPOLRI PASTIKAN KEAMANAN SELURUH RANGKAIAN PERNIKAHAN KAESANG dn ERINA,Positif"
"120,11/12/2022 14:54,UlfiNina,KAPOLRI APRESIASI SINERGITAS TNI POLRI JAGA KEAMANAN RESEPSI KAESANG ERINA,Netral"
"121,11/12/2022 14:54,RKasmirah,KAPOLRI PASTIKAN KEAMANAN sluruh RANGKAIAN PERNIKAHAN KAESANG n ERINA,Netral"
"122,11/12/2022 14:54,DindaGianita,KAPOLRI APRESIASI SINERGITAS TNI POLRI JAGA KEAMANAN RESEPSI KAESANG ERINA,Netral"
"123,11/12/2022 14:54,THaqidah,KAPOLRI PASTIKAN KEAMANAN seluiruh RANGKAIAN PERNIKAHAN KAESANG amp ERINA,Netral"
"124,11/12/2022 14:53,SabilaNada5,KAPOLRI APRESIASI SINERGITAS TNI POLRI JAGA KEAMANAN RESEPSI KAESANG ERINA,Netral"
"125,11/12/2022 14:53,safitri_adrina,KAPOLRI PASTIKAN KEAMANAN SELURUH RANGKAIAN PERNIKAHAN KAESANG DAN ERINA,Positif"
"126,11/12/2022 14:52,UnaPutriiyy,KAPOLRI APRESIASI SINERGITAS TNI POLRI JAGA KEAMANAN RESEPSI KAESANG ERINA,Netral"
"127,11/12/2022 14:52,DefaraYenny,KAPOLRI PASTIKAN KEAMANAN seluiruh RANGKAIAN PERNIKAHAN KAESANG DAN ERINA,Netral"
"128,11/12/2022 14:52,HanaPutttrr01,KAPOLRI PASTIKAN KEAMANAN SELURUH RANGKAIAN PERNIKAHAN KAESANG dn ERINA,Positif"
"129,11/12/2022 14:52,KeilaOkta,KAPOLRI APRESIASI SINERGITAS TNI POLRI JAGA KEAMANAN RESEPSI KAESANG ERINA,Netral"
"130,11/12/2022 14:51,DinaTaniiyy,KAPOLRI APRESIASI SINERGITAS TNI POLRI JAGA KEAMANAN RESEPSI KAESANG ERINA,Netral"
"131,11/12/2022 14:51,dindamahar11,KAPOLRI PASTIKAN KEAMANAN sluruh RANGKAIAN PERNIKAHAN KAESANG n ERINA,Netral"
"132,11/12/2022 14:50,wulan_nadira,KAPOLRI PASTIKAN KEAMANAN seluiruh RANGKAIAN PERNIKAHAN KAESANG amp ERINA,Netral"
"133,11/12/2022 14:50,IntanPutrrrt,KAPOLRI APRESIASI SINERGITAS TNI POLRI JAGA KEAMANAN RESEPSI KAESANG ERINA,Netral"
"134,11/12/2022 14:49,MawaraniNadia,KAPOLRI PASTIKAN KEAMANAN SELURUH RANGKAIAN PERNIKAHAN KAESANG DAN ERINA,Positif"
"135,11/12/2022 14:49,ErnyTalia,KAPOLRI APRESIASI SINERGITAS TNI POLRI JAGA KEAMANAN RESEPSI KAESANG ERINA,Netral"
"136,11/12/2022 14:49,MLindazahra,KAPOLRI PASTIKAN KEAMANAN seluiruh RANGKAIAN PERNIKAHAN KAESANG DAN ERINA,Netral"
"137,11/12/2022 14:49,HaniaWirda,KAPOLRI APRESIASI SINERGITAS TNI POLRI JAGA KEAMANAN RESEPSI KAESANG ERINA,Netral"
"138,11/12/2022 14:48,TaniaGea3,KAPOLRI APRESIASI SINERGITAS TNI POLRI JAGA KEAMANAN RESEPSI KAESANG ERINA,Netral"
"139,11/12/2022 14:48,LaniAulia3,KAPOLRI PASTIKAN KEAMANAN sluruh RANGKAIAN PERNIKAHAN KAESANG n ERINA,Netral"
"140,11/12/2022 14:47,ErniPutrry,KAPOLRI APRESIASI SINERGITAS TNI POLRI JAGA KEAMANAN RESEPSI KAESANG ERINA,Netral"
"141,11/12/2022 14:47,MandaAyyyyyu,KAPOLRI PASTIKAN KEAMANAN seluiruh RANGKAIAN PERNIKAHAN KAESANG amp ERINA,Netral"
"142,11/12/2022 14:47,FiyaTalita,KAPOLRI APRESIASI SINERGITAS TNI POLRI JAGA KEAMANAN RESEPSI KAESANG ERINA,Netral"
"143,11/12/2022 14:46,SaniaOktavia17,KAPOLRI PASTIKAN KEAMANAN SELURUH RANGKAIAN PERNIKAHAN KAESANG DAN ERINA,Positif"
"144,11/12/2022 14:46,RayaAmalia10,KAPOLRI APRESIASI SINERGITAS TNI POLRI JAGA KEAMANAN RESEPSI KAESANG ERINA,Netral"
"145,11/12/2022 14:46,ZahiraAmelia6,KAPOLRI PASTIKAN KEAMANAN seluiruh RANGKAIAN PERNIKAHAN KAESANG DAN ERINA,Netral"
"146,11/12/2022 14:45,yunia_fania,KAPOLRI APRESIASI SINERGITAS TNI POLRI JAGA KEAMANAN RESEPSI KAESANG ERINA,Netral"
"147,11/12/2022 14:45,RianaOlla,KAPOLRI PASTIKAN KEAMANAN SELURUH RANGKAIAN PERNIKAHAN KAESANG dn ERINA,Positif"
"148,11/12/2022 14:45,LiantiAyu2,KAPOLRI APRESIASI SINERGITAS TNI POLRI JAGA KEAMANAN RESEPSI KAESANG ERINA,Netral"
"149,11/12/2022 14:45,PritaLaila,KAPOLRI APRESIASI SINERGITAS TNI POLRI JAGA KEAMANAN RESEPSI KAESANG ERINA,Netral"
"150,11/12/2022 14:45,DewiUlfayyy6,KAPOLRI APRESIASI SINERGITAS TNI POLRI JAGA KEAMANAN RESEPSI KAESANG ERINA,Netral"
"151,11/12/2022 14:45,DaniaAmanda20,KAPOLRI PASTIKAN KEAMANAN sluruh RANGKAIAN PERNIKAHAN KAESANG n ERINA,Netral"
"152,11/12/2022 14:45,IndahJihan4,KAPOLRI PASTIKAN KEAMANAN seluiruh RANGKAIAN PERNIKAHAN KAESANG amp ERINA,Netral"
"153,11/12/2022 14:45,DianLiana13,KAPOLRI PASTIKAN KEAMANAN SELURUH RANGKAIAN PERNIKAHAN KAESANG DAN ERINA,Positif"
"154,11/12/2022 14:42,SarahYunia9,KAPOLRI PASTIKAN KEAMANAN seluiruh RANGKAIAN PERNIKAHAN KAESANG DAN ERINA,Netral"
"155,11/12/2022 14:42,SintaFahira11,KAPOLRI APRESIASI SINERGITAS TNI POLRI JAGA KEAMANAN RESEPSI KAESANG ERINA,Netral"
"156,11/12/2022 14:42,HaniahUtaro,KAPOLRI PASTIKAN KEAMANAN SELURUH RANGKAIAN PERNIKAHAN KAESANG dn ERINA,Positif"
"157,11/12/2022 14:41,SantiUtari6,KAPOLRI APRESIASI SINERGITAS TNI POLRI JAGA KEAMANAN RESEPSI KAESANG ERINA,Netral"
"158,11/12/2022 14:41,IndahUtrrr,KAPOLRI PASTIKAN KEAMANAN sluruh RANGKAIAN PERNIKAHAN KAESANG n ERINA,Netral"
"159,11/12/2022 14:41,SaskiaAmaliayyy,KAPOLRI APRESIASI SINERGITAS TNI POLRI JAGA KEAMANAN RESEPSI KAESANG ERINA,Netral"
"160,11/12/2022 14:40,OllaHaniah,KAPOLRI PASTIKAN KEAMANAN seluiruh RANGKAIAN PERNIKAHAN KAESANG amp ERINA,Netral"
"161,11/12/2022 14:40,NandiaGia,KAPOLRI APRESIASI SINERGITAS TNI POLRI JAGA KEAMANAN RESEPSI KAESANG ERINA,Netral"
"162,11/12/2022 14:40,MalaPuspita13,KAPOLRI PASTIKAN KEAMANAN SELURUH RANGKAIAN PERNIKAHAN KAESANG DAN ERINA,Positif"
"163,11/12/2022 14:39,LindaAmaallly,KAPOLRI APRESIASI SINERGITAS TNI POLRI JAGA KEAMANAN RESEPSI KAESANG ERINA,Netral"
"164,11/12/2022 14:39,DianYunia8,KAPOLRI PASTIKAN KEAMANAN seluiruh RANGKAIAN PERNIKAHAN KAESANG DAN ERINA,Netral"
"165,11/12/2022 14:38,DewiLetrr,KAPOLRI PASTIKAN KEAMANAN SELURUH RANGKAIAN PERNIKAHAN KAESANG dn ERINA,Positif"
"166,11/12/2022 14:38,DelishaNina,KAPOLRI APRESIASI SINERGITAS TNI POLRI JAGA KEAMANAN RESEPSI KAESANG ERINA,Netral"
"167,11/12/2022 14:38,HamidahAryana,KAPOLRI PASTIKAN KEAMANAN sluruh RANGKAIAN PERNIKAHAN KAESANG n ERINA,Netral"
"168,11/12/2022 14:37,FathinahIshana,KAPOLRI APRESIASI SINERGITAS TNI POLRI JAGA KEAMANAN RESEPSI KAESANG ERINA,Netral"
"169,11/12/2022 14:37,utari_wirda,KAPOLRI PASTIKAN KEAMANAN seluiruh RANGKAIAN PERNIKAHAN KAESANG amp ERINA,Netral"
"170,11/12/2022 14:36,AminahYanti1,KAPOLRI PASTIKAN KEAMANAN SELURUH RANGKAIAN PERNIKAHAN KAESANG DAN ERINA,Positif"
"171,11/12/2022 14:36,HasanainYoga,KAPOLRI APRESIASI SINERGITAS TNI POLRI JAGA KEAMANAN RESEPSI KAESANG ERINA,Netral"
"172,11/12/2022 14:36,ZahraAmliyy,KAPOLRI PASTIKAN KEAMANAN seluiruh RANGKAIAN PERNIKAHAN KAESANG DAN ERINA,Netral"
"173,11/12/2022 14:35,wiratama_fauzi,KAPOLRI APRESIASI SINERGITAS TNI POLRI JAGA KEAMANAN RESEPSI KAESANG ERINA,Netral"
"174,11/12/2022 14:35,DitaAyuyyy,KAPOLRI PASTIKAN KEAMANAN SELURUH RANGKAIAN PERNIKAHAN KAESANG dn ERINA,Positif"
"175,11/12/2022 14:35,dndtirani,Hanya 3 Bintang Dua Inilah Alumni Akpol 92 yang Berpeluang Ganti Jenderal Listyo Sigit Prabowo Jadi Kapolri Jokowi GOAT Cebong Kaesang Nehyan Anak Medan Messi Minggu Jan Ethes Naughty Wuhan Brazil FIFAWorldCup JokowiBikinTekor AniesPresiden2024,Negatif"
"176,11/12/2022 14:34,DinaAmlly,KAPOLRI PASTIKAN KEAMANAN sluruh RANGKAIAN PERNIKAHAN KAESANG n ERINA,Netral"
"177,11/12/2022 14:34,AryadikaIan,KAPOLRI APRESIASI SINERGITAS TNI POLRI JAGA KEAMANAN RESEPSI KAESANG ERINA,Netral"
"178,11/12/2022 14:33,AndraMaheswar,KAPOLRI APRESIASI SINERGITAS TNI POLRI JAGA KEAMANAN RESEPSI KAESANG ERINA,Netral"
"179,11/12/2022 14:33,PutriSabllaa,KAPOLRI PASTIKAN KEAMANAN seluiruh RANGKAIAN PERNIKAHAN KAESANG amp ERINA,Netral"
"180,11/12/2022 14:33,setyawan_zaki,KAPOLRI APRESIASI SINERGITAS TNI POLRI JAGA KEAMANAN RESEPSI KAESANG ERINA,Netral"
"181,11/12/2022 14:33,DaniaAmelia18,KAPOLRI PASTIKAN KEAMANAN SELURUH RANGKAIAN PERNIKAHAN KAESANG DAN ERINA,Positif"
"182,11/12/2022 14:33,MelvianoRandy,KAPOLRI APRESIASI SINERGITAS TNI POLRI JAGA KEAMANAN RESEPSI KAESANG ERINA,Netral"
"183,11/12/2022 14:33,AlfaFernand,KAPOLRI APRESIASI SINERGITAS TNI POLRI JAGA KEAMANAN RESEPSI KAESANG ERINA,Netral"
"184,11/12/2022 14:32,SellyPutrr,KAPOLRI PASTIKAN KEAMANAN seluiruh RANGKAIAN PERNIKAHAN KAESANG DAN ERINA,Netral"
"185,11/12/2022 14:32,RafisqySandya,KAPOLRI APRESIASI SINERGITAS TNI POLRI JAGA KEAMANAN RESEPSI KAESANG ERINA,Netral"
"186,11/12/2022 14:32,IrfanMaulagih,KAPOLRI APRESIASI SINERGITAS TNI POLRI JAGA KEAMANAN RESEPSI KAESANG ERINA,Netral"
"187,11/12/2022 14:31,NadaJihan4,KAPOLRI PASTIKAN KEAMANAN SELURUH RANGKAIAN PERNIKAHAN KAESANG dn ERINA,Positif"
"188,11/12/2022 14:31,ArhanSayudha,KAPOLRI APRESIASI SINERGITAS TNI POLRI JAGA KEAMANAN RESEPSI KAESANG ERINA,Netral"
"189,11/12/2022 14:31,AryanaPutri13,KAPOLRI PASTIKAN KEAMANAN sluruh RANGKAIAN PERNIKAHAN KAESANG n ERINA,Netral"
"190,11/12/2022 14:31,AkbarHermansy,KAPOLRI APRESIASI SINERGITAS TNI POLRI JAGA KEAMANAN RESEPSI KAESANG ERINA,Netral"
"191,11/12/2022 14:30,ViaAmanll,KAPOLRI PASTIKAN KEAMANAN seluiruh RANGKAIAN PERNIKAHAN KAESANG amp ERINA,Netral"
"192,11/12/2022 14:30,YusrilZulfadli,KAPOLRI APRESIASI SINERGITAS TNI POLRI JAGA KEAMANAN RESEPSI KAESANG ERINA,Netral"
"193,11/12/2022 14:30,keisha_killa,KAPOLRI PASTIKAN KEAMANAN SELURUH RANGKAIAN PERNIKAHAN KAESANG DAN ERINA,Positif"
"194,11/12/2022 14:29,AdibrataMarvin,KAPOLRI APRESIASI SINERGITAS TNI POLRI JAGA KEAMANAN RESEPSI KAESANG ERINA,Netral"
"195,11/12/2022 14:29,nandia_rara,KAPOLRI PASTIKAN KEAMANAN seluiruh RANGKAIAN PERNIKAHAN KAESANG DAN ERINA,Netral"
"196,11/12/2022 14:29,AdhinataBisma,KAPOLRI APRESIASI SINERGITAS TNI POLRI JAGA KEAMANAN RESEPSI KAESANG ERINA,Netral"
"197,11/12/2022 14:29,AndikaDiputer,KAPOLRI APRESIASI SINERGITAS TNI POLRI JAGA KEAMANAN RESEPSI KAESANG ERINA,Netral"
"198,11/12/2022 14:28,NamiraPttt,KAPOLRI PASTIKAN KEAMANAN SELURUH RANGKAIAN PERNIKAHAN KAESANG dn ERINA,Positif"
"199,11/12/2022 14:28,HadziqPranaja,KAPOLRI APRESIASI SINERGITAS TNI POLRI JAGA KEAMANAN RESEPSI KAESANG ERINA,Netral"
"200,11/12/2022 14:28,PanjiWard,KAPOLRI APRESIASI SINERGITAS TNI POLRI JAGA KEAMANAN RESEPSI KAESANG ERINA,Netral"
"201,11/12/2022 14:28,DaniraDinda,KAPOLRI PASTIKAN KEAMANAN sluruh RANGKAIAN PERNIKAHAN KAESANG n ERINA,Netral"
"202,11/12/2022 14:27,WisnuHerdiano,KAPOLRI APRESIASI SINERGITAS TNI POLRI JAGA KEAMANAN RESEPSI KAESANG ERINA,Netral"
"203,11/12/2022 14:27,Mrsarmentos,Tolong pecat dengan tidak hormat anak buah anda kapolri karena sangat banyak maling di instansi anda masak kami yg gaji kalian kalian buat gini 70 polisi dia aceh pemakai narkoba RI RI Polri TNI usut ya,Positif"
"204,11/12/2022 14:27,gira_una,KAPOLRI PASTIKAN KEAMANAN seluiruh RANGKAIAN PERNIKAHAN KAESANG amp ERINA,Netral"
"205,11/12/2022 14:27,bekti_ismanto,KAPOLRI APRESIASI SINERGITAS TNI POLRI JAGA KEAMANAN RESEPSI KAESANG ERINA,Netral"
"206,11/12/2022 14:26,YunaNurdiani,KAPOLRI PASTIKAN KEAMANAN SELURUH RANGKAIAN PERNIKAHAN KAESANG DAN ERINA,Positif"
"207,11/12/2022 14:26,NazhiefP,KAPOLRI APRESIASI SINERGITAS TNI POLRI JAGA KEAMANAN RESEPSI KAESANG ERINA,Netral"
"208,11/12/2022 14:26,RianPertamax,KAPOLRI APRESIASI SINERGITAS TNI POLRI JAGA KEAMANAN RESEPSI KAESANG ERINA,Netral"
"209,11/12/2022 14:26,AryasatyaSafiq,KAPOLRI APRESIASI SINERGITAS TNI POLRI JAGA KEAMANAN RESEPSI KAESANG ERINA,Netral"
"210,11/12/2022 14:26,hanah_tania,KAPOLRI PASTIKAN KEAMANAN seluiruh RANGKAIAN PERNIKAHAN KAESANG DAN ERINA,Netral"
"211,11/12/2022 14:26,dndtirani,Kapolri Listyo Sigit Unggah Foto Pengamanan Akad Nikah Kaesang Berujung Digeprek Warganet Penting Banget Ya Jokowi GOAT Cebong Kaesang Nehyan Anak Medan Messi Minggu Jan Ethes Naughty Wuhan Brazil FIFAWorldCup JokowiBikinTekor AniesPresiden2024,Positif"
"212,11/12/2022 14:25,RHeliyana,KAPOLRI APRESIASI SINERGITAS TNI POLRI JAGA KEAMANAN RESEPSI KAESANG ERINA,Netral"
"213,11/12/2022 14:25,IFathlani,KAPOLRI APRESIASI SINERGITAS TNI POLRI JAGA KEAMANAN RESEPSI KAESANG ERINA,Netral"
"214,11/12/2022 14:25,YuniaBintang,KAPOLRI PASTIKAN KEAMANAN SELURUH RANGKAIAN PERNIKAHAN KAESANG dn ERINA,Positif"
"215,11/12/2022 14:24,RizqyAndikeh,KAPOLRI APRESIASI SINERGITAS TNI POLRI JAGA KEAMANAN RESEPSI KAESANG ERINA,Netral"
"216,11/12/2022 14:24,maheswari_kyra,KAPOLRI APRESIASI SINERGITAS TNI POLRI JAGA KEAMANAN RESEPSI KAESANG ERINA,Netral"
"217,11/12/2022 14:24,RaniaFirda13,KAPOLRI PASTIKAN KEAMANAN sluruh RANGKAIAN PERNIKAHAN KAESANG n ERINA,Netral"
"218,11/12/2022 14:24,FauzanWibowow,KAPOLRI APRESIASI SINERGITAS TNI POLRI JAGA KEAMANAN RESEPSI KAESANG ERINA,Netral"
"219,11/12/2022 14:24,AyanaGeralda,KAPOLRI APRESIASI SINERGITAS TNI POLRI JAGA KEAMANAN RESEPSI KAESANG ERINA,Netral"
"220,11/12/2022 14:23,LaniYuika,KAPOLRI PASTIKAN KEAMANAN seluiruh RANGKAIAN PERNIKAHAN KAESANG amp ERINA,Netral"
"221,11/12/2022 14:23,GitaIntan11,KAPOLRI PASTIKAN KEAMANAN SELURUH RANGKAIAN PERNIKAHAN KAESANG DAN ERINA,Positif"
"222,11/12/2022 14:16,Yudi130272,Polri Tapi kenapa bapak Kapolri dlm jumpa pers yang menyebut namanya Agus Muslim Itu nama panggilan bkn,Netral"
"223,11/12/2022 13:57,azizahf211,Polri siapkan penjemputan WNI korban penyekapan di Kamboja BRAVO POLRI presisi polri fyp Bandung 34 WNI korban penyekapan perusahaan online scam di Kamboja sudah dibebaskan otoritas setempat Kapolri juga sudah siapkan penjemputan,Netral"
"224,11/12/2022 13:55,alhusaini_asror,Polri Siap mendukung Kapolri menuntaskan radikalisme di Indonesia,Positif"
"225,11/12/2022 13:50,H5Hadi,Kapolri siapkan penjemputan WNI korban penyekapan di Kamboja BRAVO POLRI presisi polri fyp Bandung 34 WNI korban penyekapan perusahaan online scam di Kamboja sudah dibebaskan otoritas setempat Kapolri juga sudah siapkan penjemputan,Netral"
"226,11/12/2022 13:34,susipudjiastuti,Alhamdulillah hari ini bisa menghadiri acara Kaesang dan bertemu Pak Mensetneg dan Pak Kapolri,Positif"
"227,11/12/2022 13:23,NTMC_Info,Polri Irjen Pol Firman Shantyabudi mendampingi Kapolri Jenderal Listyo Sigit Prabowo memantau beberapa titik ruas jalan prosesi acara pernikahan putra Bungsu Presiden RI StopPelanggaranStopKecelakaanKeselamatanUntukKemanusiaan,Positif"
"228,11/12/2022 12:59,Raja378Raja3781,Kapolri Apresiasi Sinergitas TNI Polri Jaga Keamanan Resepsi Kaesang Erina,Netral"
"229,11/12/2022 12:58,Wihardi41212808,Kapolri Jenderal Polisi Drs Listyo Sigit Prabowo menjenguk korban peristiwa bom bunuh diri Polripresisi poldasumsel Kapoldasumsel polresbanyuasin polisibanyuasin kapolresbanyuasin satbinmasPolresbanyuasin quickwinspresisipolresbanyuasin,Netral"
"230,11/12/2022 12:58,JuarsyahZed,POLSEK MESUJI MAKMUR Hadir tengah tengah masyrakat untuk memberikan rasa nyaman dan aman kepada masyarakat mabespolri okiupdate kapolri jokowi listyosigitprabowo poldasumsel kapolri akabri2001 kapoldasumsel ArachmadW Rachmadwibowo polisisumsel,Netral"
"231,11/12/2022 12:57,JuarsyahZed,POLSEK MESUJI MAKMUR Melihat ketahanan pangan mabespolri okiupdate kapolri jokowi listyosigitprabowo poldasumsel kapolri akabri2001 kapoldasumsel ArachmadW Rachmadwibowo polisisumsel akpol2001 salamtribrata,Netral"
"232,11/12/2022 12:57,sekklk,SURAKARTA Kapolri Jenderal Listyo Sigit Prabowo mengapresiasi sinergi Polri TNI masyarakat serta para pihak terkait lainnya dalam menjaga keamanan dan ketertiban selama prosesi pernikahan putra bungsu Presiden Jokowi Kaesang Pangarep dan Erina Gudono,Positif"
"233,11/12/2022 12:56,OposisiCerdas,Hanya 3 Bintang Dua Inilah Alumni Akpol 92 yang Berpeluang Ganti Jenderal Listyo Sigit Prabowo Jadi Kapolri,Positif"
"234,11/12/2022 12:53,Wihardi41212808,Kapolri Jenderal Polisi Drs Listyo Sigit Prabowo WA 081370002110 Polda Sumsel Polripresisi poldasumsel Kapoldasumsel polresbanyuasin polisibanyuasin kapolresbanyuasin satbinmasPolresbanyuasin quickwinspresisipolresbanyuasin,Positif"
"235,11/12/2022 12:52,heraldindo,Kapolri Kenakan Beskap Jawa Apresiasi Sinergitas TNI Polri Jaga Keamanan Resepsi Kaesang Erina,Netral"
"236,11/12/2022 12:42,h3rm4nkoplak,Gk trimo ngundang presiden mentri kapolri panglima tni yo di undang Jane gawe dukun endi yo,Netral"
"237,11/12/2022 12:42,naufalprdty,Bokap gua ke kondangan anak kapolri pake MC ama live music MCnya Choky Sitohang ama Yuni Shara vokalis live musicnya Judika anjir,Positif"
"238,11/12/2022 12:37,KilatNusantara,Kapolri Apresiasi Sinergitas TNI Polri Jaga Keamanan Resepsi Kaesang Erina,Netral"
"239,11/12/2022 12:36,Ebit357901721,Kapolri Jenderal Polisi Drs Listyo Sigit Prabowo Saat meninjau Polsek Astana Anyar pasca bom bunuh diri Mari Bersama Lawan Radikalisasi dan bersama BasmiTeror,Netral"
"240,11/12/2022 12:28,newsmerahputih,Kapolri memastikan warga Solo masih bisa beraktivitas dengan adanya acara ngunduh mantu Kaesang merahputihcom Solo Kaesang Erina kaesangerina,Netral"
"241,11/12/2022 12:11,gg_tonni,Menurut saya itu kritik yg cerdas amp berani Bahkan lebih berani dari DPR Mari kita instrospeksi bener gak kritikan itu Saya dengar Kapolri mengeluarkan larangan gaya hidup hedonisme utk Polisi Tujuannya sama cara ngomongnya beda,Positif"
"242,11/12/2022 11:55,TmcWonogiri,Kapolri Apresiasi Sinergitas TNI Polri Jaga Keamanan Resepsi Kaesang Erina,Netral"
"243,11/12/2022 11:54,adi_fir,Pak Kapolri Pak Polri Tlg akun seperti ini yg jelas menyebarkan hoax fitnah dan kebencian diawasi jgn narasi kebohobgan seperti ini dibiarkan,Positif"
"244,11/12/2022 11:36,manda7773,Kapolri Jenderal Polisi Drs Listyo Sigit Prabowo menjenguk korban peristiwa bom bunuh diri Mapolsek Astana Anyar di Rumah Sakit Immanuel Bandung Jawa Barat poldasumsel Kapoldasumsel polresbanyuasin kapolresbanyuasin quickwinspresisipolresbanyuasin,Netral"
"245,11/12/2022 11:14,humaspolressml,Monitoring Segala Bentuk Giat Masyarakat Personil Polsek Tanah Jawa Bersama Anggota TNI Koramil 10 Balimbingan Gelar Patroli Gabungan polripresisi polisiindonesia listyosigitprabowo divisihumaspolri poldasumut poldasumutpresisi kapoldasumut,Negatif"
"246,11/12/2022 11:12,humaspolressml,Polisi Polres Simalungun Tingkatkan Patroli Skala Besar Bersama TNI Kodim Simalungun polripresisi polisiindonesia listyosigitprabowo divisihumaspolri poldasumut poldasumutpresisi kapoldasumut humaspoldasumut polressimalungun Simalungun sumut,Positif"
"247,11/12/2022 11:08,humaspolressml,Minggu 11 Desember 2022 pukul 09 30 Wib personil Polsek Parapat melaksanakan PAM ibadah Gereja GKPS Parapat Jln Pendidikan Kel Parapat berkordinasi dengan pengurus gereja polripresisi polisiindonesia listyosigitprabowo divisihumaspolri poldasumut poldasumutpresisi,Netral"
"248,11/12/2022 11:08,thehenrisaputro,abimanyu Baru ini menemukan aparat kepolisian menjelaskan sebuah pandangan satu kasus dengan alur akademik dengan genuine macam ini Semoga sukses mas Semoga jadi Kapolri satu saat nanti,Positif"
"249,11/12/2022 11:04,Humas_Karsa,Pengurusan izin keramaian warga Jagakarsa saat ini bisa melalui Bhabinkamtibmas tanpa hrs dtang kekantor polsek Jgkrs Sesuai dengan Juklap Kapolri No Pol Juklap 02 XII 1995 Tahun 1995 Tentang Perijinan amp Pemberitahuan Kegiatan Masyarakat Pelayanan tdk dipungut Biaya,Positif"
"250,11/12/2022 11:03,ansorunajatim,Kelakuan oknom berseragam yg kalo dibiarkan akan dibungkam ayo bersuara jangan mau diintimidasi poldajatim kapolri,Positif"
"251,11/12/2022 11:03,humaspolressml,Wakapolres Simalungun KOMPOL Efianto SH bersama para PJU dan Kapolsek jajaran Polres Simalungun mengikuti Kegiatan Penutupan Anev Kamtibmas Triwulan III Polda Sumut dan Jajaran Secara Virtual dengan Aplikasi Zoom Meeting polripresisi polisiindonesia listyosigitprabowo,Netral"
"252,11/12/2022 10:54,hangjebat_007,Bandung 34 WNI korban penyekapan perusahaan online scam di Kamboja sudah dibebaskan otoritas setempat Kapolri juga sudah siapkan penjemputan,Netral"
"253,11/12/2022 10:33,Budijambi07,Kapolri Jenderal Polisi Drs Listyo Sigit Prabowo memerintahkan kepada seluruh tim dan satgas untuk segera bergerak Polripresisi poldasumsel Kapoldasumsel polresbanyuasin kapolresbanyuasin satbinmasPolresbanyuasin quickwinspresisipolresbanyuasin,Netral"
"254,11/12/2022 10:13,detikcom,Anggota Komisi III DPR Fraksi Gerindra Habiburokhman mengapresiasi langkah Kapolri Jenderal Sigit menyelamatkan 34 WNI korban online scam di Kamboja,Positif"
"255,11/12/2022 10:13,newmindarmy45,Hanya 3 Bintang Dua Inilah Alumni Akpol 92 yang Berpeluang Ganti Jenderal Listyo Sigit Prabowo Jadi Kapolri newmind beritaterkini kabarterbaru trending fyp news,Positif"
"256,11/12/2022 10:05,Budijambi07,Kapolri Jenderal Polisi Drs Listyo Sigit Prabowo korban peristiwa bom bunuh diri Mapolsek Astana Anyar di Rumah Sakit Immanuel Bandung Polripresisi poldasumsel Kapoldasumsel polresbanyuasin kapolresbanyuasin quickwinspresisipolresbanyuasin,Netral"
"257,11/12/2022 09:49,bayu_oktriandi,Kapolri Jenderal Polisi Drs Listyo Sigit Prabowo menjenguk korban peristiwa bom bunuh diri Mapolsek Astana Anyar di Rumah Sakit Immanuel Bandung Jawa Barat Rabu 7 12 Dalam kunjungannya Kapolri menyempatkan berbincang kepada para korban,Positif"
"258,11/12/2022 09:26,Du70616351,Jgn suka bawa bawa nama rakyat Kami setuju kinerja kapolri dlm bertugas,Netral"
"259,11/12/2022 09:25,polsek_mungkid,Kapolri Apresiasi Sinergitas TNI Polri Jaga Keamanan Resepsi Kaesang Erina,Netral"
"260,11/12/2022 09:22,siwasresmgl3,Kapolri Apresiasi Sinergitas TNI Polri Jaga Keamanan Resepsi Kaesang Erina,Netral"
"261,11/12/2022 09:18,Ridaf19,Ketua KPK Jaksa agung dan KAPOLRI bukan orang orang bodoh seperti kamu yg nggak paham situasi dan kondisi politik yg berkembang saat ini Bro,Positif"
"262,11/12/2022 09:15,GoSumbarcom,Unggah Foto Pengamanan Akad Nikah Kaesang Kapolri Digeprek Warganet Penting Banget Ya,Positif"
"263,11/12/2022 09:14,GoRiauCom,Unggah Foto Pengamanan Akad Nikah Kaesang Kapolri Digeprek Warganet Penting Banget Ya,Positif"
"264,11/12/2022 08:46,ibnupurna,Masukan untuk Kapolri dan Menko,Netral"
"265,11/12/2022 08:46,anisanbl12,Sudah keterlaluan Kamaruddin dalam berbicara ini menuduh semua anggota Polri mengabdi kepada mafia pak harus tindak sih ini memfitnah institusi polri mana nih,Negatif"
"266,11/12/2022 08:43,yaminmoha_,Meninjau progres pembangunan POS KAMLING di Jl Sapta Marga RT002 RW001 kapolresgorontalokota polresgorontalokota divisihumaspolri listyosigitprabowo polripresisi bhabinkamtibmas kapolri poldagorontalo PosKamling pol,Netral"
"267,11/12/2022 08:36,cakranewsonline,34 WNI Korban Penyekapan Sudah Bebas Kapolri Siapkan Penjemputan infointernational infopekerjamigran wnidisekap wnikamboja,Positif"
"268,11/12/2022 08:32,IlHam47733244,Dua personel Bhabinkamtibmas yang bertugas di Polsek Simeulue Timur yang bekerja sama dengan masyarakat telah menyiapkan lahan seluas 12 hektar aceh rahmansyah2002 peureulak barat kapolri kapoldaaceh kapolresacehtimur polsekpeureulakbarat,Netral"
"269,11/12/2022 08:28,RatnoWistu,Acara Ngunduh Mantu Pernikahan Kaesang Erina Kapolri Terima Kasih untuk yang Bertugas,Netral"
"270,11/12/2022 08:20,geloraco,Hanya 3 Bintang Dua Inilah Alumni Akpol 92 yang Berpeluang Ganti Jenderal Listyo Sigit Prabowo Jadi Kapolri,Positif"
"271,11/12/2022 08:18,humasmuratara1,HUMAS POLRES MURATARA indonesia humaspolri sumsel poldasumsel ri divisihumaspolri multimediapoldasumsel polripresisi PolisiDulurKito kapolri poldasumsel kapoldasumsel,Netral"
"272,11/12/2022 08:18,humasmuratara1,HUMAS POLRES MURATARA indonesia humaspolri sumsel poldasumsel ri divisihumaspolri multimediapoldasumsel polripresisi PolisiDulurKito kapolri poldasumsel kapoldasumsel,Netral"
"273,11/12/2022 08:18,humasmuratara1,HUMAS POLRES MURATARA indonesia humaspolri sumsel poldasumsel ri divisihumaspolri multimediapoldasumsel polripresisi PolisiDulurKito kapolri poldasumsel kapoldasumsel,Netral"
"274,11/12/2022 08:18,humasmuratara1,HUMAS POLRES MURATARA indonesia humaspolri sumsel poldasumsel ri divisihumaspolri multimediapoldasumsel polripresisi PolisiDulurKito kapolri poldasumsel kapoldasumsel,Netral"
"275,11/12/2022 08:17,humasmuratara1,HUMAS POLRES MURATARA indonesia humaspolri sumsel poldasumsel ri divisihumaspolri multimediapoldasumsel polripresisi PolisiDulurKito kapolri poldasumsel kapoldasumsel,Netral"
"276,11/12/2022 07:25,GoNewsdotco,Unggah Foto Pengamanan Akad Nikah Kaesang Kapolri Digeprek Warganet Penting Banget Ya,Positif"
"277,11/12/2022 07:02,ngopibareng_id,Para menteri Presiden Jokowi hingga Kapolri dan Panglima TNI kompak mengenakan seragam warna abu abu Pria pakai beskap menteri perempuan berkebaya,Netral"
"278,11/12/2022 07:00,okezonenews,Acara Ngunduh Mantu Pernikahan Kaesang Erina Kapolri Terima Kasih untuk yang Bertugas LengkapCepatBeritanya BeritaTerkini Berita News BeritaNasional,Positif"
"279,11/12/2022 06:35,PolsekWayUbu,Dalam rangka pengamanan rangkaian acara pernikahan Kaesang dan Erina Kapolri Jenderal Polisi Drs Listyo Sigit Prabowo HadirUntukMelayani dan meninjau langsung berbagai kesiapan tim di lapangan yang berada di Jogja,Positif"
"280,11/12/2022 06:31,ekosuwondo6,Sebar maklumat larangan membakar hutan dan lahan mabespolri okiupdate kapolri jokowi listyosigitprabowo poldasumsel kapolri akabri2001 kapoldasumsel AKBP Diliyanto KapolresOki Polres Oki Diliyanto Kapolresoki Polres Oki polres oki WisnuW Polresoki Poldasumsel,Netral"
"281,11/12/2022 06:31,Bhabin_Botu,Meninjau progres pembangunan POS KAMLING di Jl Sapta Marga RT002 RW001 kapolresgorontalokota polresgorontalokota divisihumaspolri listyosigitprabowo polripresisi bhabinkamtibmas kapolri poldagorontalo PosKamling pol,Netral"
"282,11/12/2022 06:26,ReserseElang,Pelayanan Unit PPA terhadap korban Anak unitppa reserseelang kapolri kapoldasumsel kapolresempatlawang humaspolresempatlawang,Netral"
"283,11/12/2022 06:15,DennySiregar7_,Pak Kapolri yg baik Perintah berantas judi online bagus Tapi knapa situs2 seperti ini masih makin menjamur dan terkesan dibiarkan Sudah mengadu ke tidak ada respon Mohon ditindak segera Link,Positif"
"284,11/12/2022 06:07,HumasMuara,Kapolri Jenderal Polisi Drs Listyo Sigit Prabowo memerintahkan kepada seluruh tim dan satgas untuk segera bergerak sehingga pengungkapan peristiwa bom bunuh diri di Polsek Astana Anyar dapat dituntaskan secara maksimal polsekmuarapadang,Netral"
"285,11/12/2022 06:03,AlexMohamad5,Benar kami sudah berkomunikasi dengan Dubes saat ini penanganannya sudah dilaksanakan dengan baik oleh KBRI di Kamboja dan atas petunjuk Bapak Kapolri,Positif"
"286,11/12/2022 06:03,AlexMohamad5,Kepala Divisi Hubungan Internasional Hubinter Polri Irjen Krishna Murti mengatakan Kapolri Jenderal Listyo Sigit Prabowo telah memerintahkan timnya untuk menjemput 34 WNI tersebut,Positif"
"287,11/12/2022 06:02,EdwarAlex132,Jaga Sinergitas TNI POLRI Untuk NKRI Aman Dan Nyaman RINGANKAN TANGAN UNTUK MEMBERIKAN KEBAIKAN mabespolri okiupdate kapolri jokowi listyosigitprabowo poldasumsel kapolri akabri2001 kapoldasumsel ArachmadW Rachmadwibowo polisisumsel akpol2001 salamtribr,Positif"
"288,11/12/2022 06:02,EdwarAlex132,Coffee Morning Bersama Kapolres Ogan Komering Ilir AKBP DILI YANTO SIK SH MH RINGANKAN TANGAN UNTUK MEMBERIKAN KEBAIKAN mabespolri okiupdate kapolri jokowi listyosigitprabowo poldasumsel kapolri akabri2001 kapoldasumsel ArachmadW Rachmadwibowo polisisu,Netral"
"289,11/12/2022 06:01,EdwarAlex132,Kapolres Ogan Komering Ilir AKBP DILI YANTO SIK SH MH Selalu Mengingatkan Untuk Selalu Berikan Kebahagian dimanapun Berada dalam Melayani Masyarakat RINGANKAN TANGAN UNTUK MEMBERIKAN KEBAIKAN mabespolri okiupdate kapolri jokowi listyosigitprabowo poldasumsel,Positif"
"290,11/12/2022 06:00,EdwarAlex132,Kapolres Ogan Komering Ilir AKBP DILI YANTO SIK SH MH Memberikan Pakan Ikan Di Kebun Keluarga Polres Oki Untuk Menjaga Ketahanan Pangan Di Polres Ogan Komering Ilir RINGANKAN TANGAN UNTUK MEMBERIKAN KEBAIKAN mabespolri okiupdate kapolri jokowi listyosigitpra,Netral"
"291,11/12/2022 05:50,gungmadh_TjLago,Kapolri Jenderal Polisi Drs Listyo Sigit Prabowo menjenguk korban peristiwa bom bunuh diri Mapolsek Astana Anyar di Rumah Sakit Immanuel Bandung Jawa Barat Rabu 7 12 Dalam kunjungannya Kapolri menyempatkan berbincang kepada para korban,Positif"
"292,11/12/2022 05:48,ekosuwondo6,Piket mako Polsek Pangkalan Lampam mabespolri okiupdate kapolri jokowi listyosigitprabowo poldasumsel kapolri akabri2001 kapoldasumsel AKBP Diliyanto KapolresOki Polres Oki Diliyanto Kapolresoki Polres Oki polres oki WisnuW Polresoki Poldasumsel,Netral"
"293,11/12/2022 05:47,ekosuwondo6,KRYD Polsek Pangkalan Lampam mabespolri okiupdate kapolri jokowi listyosigitprabowo poldasumsel kapolri akabri2001 kapoldasumsel AKBP Diliyanto KapolresOki Polres Oki Diliyanto Kapolresoki Polres Oki polres oki WisnuW Polresoki Poldasumsel,Netral"
"294,11/12/2022 05:46,ekosuwondo6,Cek ruang tahanan Polsek Pangkalan Lampam mabespolri okiupdate kapolri jokowi listyosigitprabowo poldasumsel kapolri akabri2001 kapoldasumsel AKBP Diliyanto KapolresOki Polres Oki Diliyanto Kapolresoki Polres Oki polres oki WisnuW Polresoki Poldasumsel,Netral"
"295,11/12/2022 05:45,ekosuwondo6,Bagika stiker bantuan Polisi kepada Masyarakat mabespolri okiupdate kapolri jokowi listyosigitprabowo poldasumsel kapolri akabri2001 kapoldasumsel AKBP Diliyanto KapolresOki Polres Oki Diliyanto Kapolresoki Polres Oki polres oki WisnuW Polresoki Poldasumsel,Netral"
"296,11/12/2022 05:44,ekosuwondo6,Sambang dgn kades dan pengurus PSHT Cab Pkln Lampam mabespolri okiupdate kapolri jokowi listyosigitprabowo poldasumsel kapolri akabri2001 kapoldasumsel AKBP Diliyanto KapolresOki Polres Oki Diliyanto Kapolresoki Polres Oki polres oki WisnuW Polresoki Poldasumsel,Netral"
"297,11/12/2022 05:43,ekosuwondo6,Tempel stiker Bantuan Polisi mabespolri okiupdate kapolri jokowi listyosigitprabowo poldasumsel kapolri akabri2001 kapoldasumsel AKBP Diliyanto KapolresOki Polres Oki Diliyanto Kapolresoki Polres Oki polres oki WisnuW Polresoki Poldasumsel,Netral"
"298,11/12/2022 05:42,hermant97658231,Kapolri bawahan bapak dilapangan bermain ganda tentang Narkoba yang bersalah atau tidak bersalah dianggap sama dan kalo mau keluar harus bayar,Netral"
"299,11/12/2022 05:42,ekosuwondo6,Ketahanan Pangan Polsek Pkln Lampam mabespolri okiupdate kapolri jokowi listyosigitprabowo poldasumsel kapolri akabri2001 kapoldasumsel AKBP Diliyanto KapolresOki Polres Oki Diliyanto Kapolresoki Polres Oki polres oki WisnuW Polresoki Poldasumsel,Netral"
"300,11/12/2022 05:41,ekosuwondo6,Kenaikan tingkat PSHT Kec Pangkalan Lampam mabespolri okiupdate kapolri jokowi listyosigitprabowo poldasumsel kapolri akabri2001 kapoldasumsel AKBP Diliyanto KapolresOki Polres Oki Diliyanto Kapolresoki Polres Oki polres oki WisnuW Polresoki Poldasumsel,Netral"
"301,11/12/2022 05:40,ekosuwondo6,mabespolri okiupdate kapolri jokowi listyosigitprabowo poldasumsel kapolri akabri2001 kapoldasumsel AKBP Diliyanto KapolresOki Polres Oki Diliyanto Kapolresoki Polres Oki polres oki WisnuW Polresoki Poldasumsel,Netral"
"302,11/12/2022 05:39,ekosuwondo6,mabespolri okiupdate kapolri jokowi listyosigitprabowo poldasumsel kapolri akabri2001 kapoldasumsel AKBP Diliyanto KapolresOki Polres Oki Diliyanto Kapolresoki Polres Oki polres oki WisnuW Polresoki Poldasumsel,Netral"
"303,11/12/2022 05:39,ekosuwondo6,mabespolri okiupdate kapolri jokowi listyosigitprabowo poldasumsel kapolri akabri2001 kapoldasumsel AKBP Diliyanto KapolresOki Polres Oki Diliyanto Kapolresoki Polres Oki polres oki WisnuW Polresoki Poldasumsel,Netral"
"304,11/12/2022 05:39,Wahyunast96Yudi,Terus Tapi apa gubernur atau bupati tidak rebutan nyediakan tenda dekorasi rias manten catering dan sebagainya Apa iya Menteri Pertahanan dan Kapolri misalnya tidak perintah ke seluruh jajarannya untuk ngerahkan polisi dan tentara plus peralatan perang untuk,Netral"
"305,11/12/2022 05:38,ekosuwondo6,mabespolri okiupdate kapolri jokowi listyosigitprabowo poldasumsel kapolri akabri2001 kapoldasumsel AKBP Diliyanto KapolresOki Polres Oki Diliyanto Kapolresoki Polres Oki polres oki WisnuW Polresoki Poldasumsel,Netral"
"306,11/12/2022 05:22,tjitrosoenarjo1,Jawaban yang ambigu Kami dalami Sudah ditag berhari hari pun baru setelah disangkutin ke akun Pak Kapolri ada tanggapan,Netral"
"307,11/12/2022 05:21,etikwahyu,Setidaknya muka bapak kapolri ini agak lebih rileks ngurusin ini dibanding yg kemarin kemarin,Positif"
"308,11/12/2022 05:15,okezonenews,Pernikahan Kaesang Erina Panglima TNI dan Kapolri Kompak Kenakan Beskap Abu LengkapCepatBeritanya BeritaTerkini Berita News BeritaNasional,Positif"
"309,11/12/2022 05:06,okezonenews,Panglima TNI hingga Kapolri Kompak Kenakan Busana Abu di Resepsi Kaesang Erina LengkapCepatBeritanya BeritaTerkini,Positif"
"310,11/12/2022 04:58,Rachmat_hari88,assalamualaikum Pak Kapolri saya mohon bantuan untuk mama saya yg berada di Malaysia untuk bisa pulang sejak 2007 mama saya kerja disana dan blm pulang pak sampe bapak saya meninggal mama saya gak pulang Tolong pak mohon bantuannya Terimakasih pak,Positif"
"311,11/12/2022 04:52,sekte_LeeSoodam,ini min dia pernah jadi calon tunggal Kapolri,Netral"
"312,11/12/2022 04:48,polsekngawi11,Kapolri Jenderal Polisi Drs Listyo Sigit Prabowo menjenguk korban peristiwa bom bunuh diri Mapolsek Astana Anyar di Rumah Sakit Immanuel Bandung Jawa Barat Rabu 7 12 Mari Bersama Lawan Radikalisasi dan bersama BasmiTeror,Positif"
"313,11/12/2022 04:37,BetungJuni,STOP Jangan sebar foto dan video bom bunuh diri Menebar teror ketakutan dan ketidak stabilan negara poldasumsel kapoldasumsel polri palembang listyosigitprabowo polresbanyuasin polsekbetung humaspolri,Netral"
"314,11/12/2022 04:37,OkuHumas,Kapolres Ogan Komering Ilir AKBP DILI YANTO SIK SH MH Memberikan Pakan Ikan Di Kebun Keluarga Polres Oki Untuk Menjaga Ketahanan Pangan Di Polres Ogan Komering Ilir RINGANKAN TANGAN UNTUK MEMBERIKAN KEBAIKAN mabespolri okiupdate kapolri jokowi listyosigitprabow,Netral"
"315,11/12/2022 04:35,OkuHumas,Kapolres Ogan Komering Ilir AKBP DILI YANTO SIK SH MH Selalu Mengingatkan Untuk Selalu Berikan Kebahagian dimanapun Berada dalam Melayani Masyarakat RINGANKAN TANGAN UNTUK MEMBERIKAN KEBAIKAN mabespolri okiupdate kapolri jokowi listyosigitprabowo poldasumsel,Positif"
"316,11/12/2022 04:34,BetungJuni,Polda Sumsel meraih beberapa penghargaan dalam Penyerahan Dipa Petikan APBN dan Daftar Alokasi Transfer ke Daerah Tahun 2023 Lingkup Provinsi Sumsel poldasumsel kapoldasumsel polri palembang listyosigitprabowo polsek betung polresbanyuasin detiknews humaspolri,Netral"
"317,11/12/2022 04:33,OkuHumas,Coffee Morning Bersama Kapolres Ogan Komering Ilir AKBP DILI YANTO SIK SH MH RINGANKAN TANGAN UNTUK MEMBERIKAN KEBAIKAN mabespolri okiupdate kapolri jokowi listyosigitprabowo poldasumsel kapolri akabri2001 kapoldasumsel ArachmadW Rachmadwibowo polisis,Positif"
"318,11/12/2022 04:30,OkuHumas,Jaga Sinergitas TNI POLRI Untuk NKRI Aman Dan Nyaman RINGANKAN TANGAN UNTUK MEMBERIKAN KEBAIKAN mabespolri okiupdate kapolri jokowi listyosigitprabowo poldasumsel kapolri akabri2001 kapoldasumsel ArachmadW Rachmadwibowo polisisumsel akpol2001 salamtri8i,Positif"
"319,11/12/2022 04:16,Mus83420048,Kapolres Ogan Komering Ilir AKBP DILI YANTO SIK SH MH Selalu Mengingatkan Untuk Selalu Berikan Kebahagian dimanapun Berada dalam Melayani Masyarakat RINGANKAN TANGAN UNTUK MEMBERIKAN KEBAIKAN mabespolri okiupdate kapolri jokowi,Positif"
"320,11/12/2022 04:09,safira_floran,Akun satu ini juga sama iya nya kurang ajar seperti itu terhadap Bapak Presiden ku Yth dua2nya tukang hoax mohon ditindak lanjuti Bapak2 Kepolisian Yth Polri Bapak Kapolri Yth,Netral"
"321,11/12/2022 04:05,prilankaz,Kapolres Ogan Komering Ilir AKBP DILI YANTO SIK SH MH Selalu Mengingatkan Untuk Selalu Berikan Kebahagian dimanapun Berada dalam Melayani Masyarakat RINGANKAN TANGAN UNTUK MEMBERIKAN KEBAIKAN mabespolri okiupdate kapolri jokowi listyosigitprabowo,Positif"
"322,11/12/2022 04:03,prilankaz,Coffee Morning Bersama Kapolres Ogan Komering Ilir AKBP DILI YANTO SIK SH MH RINGANKAN TANGAN UNTUK MEMBERIKAN KEBAIKAN mabespolri okiupdate kapolri jokowi listyosigitprabowo poldasumsel kapolri,Netral"
"323,11/12/2022 04:02,prilankaz,Jaga Sinergitas TNI POLRI Untuk NKRI Aman Dan Nyaman RINGANKAN TANGAN UNTUK MEMBERIKAN KEBAIKAN mabespolri okiupdate kapolri jokowi listyosigitprabowo poldasumsel kapolri akabri2001 kapoldasumsel ArachmadW Rachmadwibowo polisisumsel,Positif"
"324,11/12/2022 04:02,WawanBa47692241,Jaga Sinergitas TNI POLRI Untuk NKRI Aman Dan Nyaman RINGANKAN TANGAN UNTUK MEMBERIKAN KEBAIKAN mabespolri okiupdate kapolri jokowi listyosigitprabowo poldasumsel kapolri akabri2001 kapoldasumsel ArachmadW Rachmadwibowo polisisumsel akpol200,Positif"
"325,11/12/2022 03:57,siwaspolresoki,Kapolres Ogan Komering Ilir AKBP DILI YANTO SIK SH MH Memberikan Pakan Ikan Di Kebun Keluarga Polres Oki Untuk Menjaga Ketahanan Pangan Di Polres Ogan Komering Ilir RINGANKAN TANGAN UNTUK MEMBERIKAN KEBAIKAN mabespolri okiupdate kapolri jokowi,Netral"
"326,11/12/2022 03:56,siwaspolresoki,Kapolres Ogan Komering Ilir AKBP DILI YANTO SIK SH MH Selalu Mengingatkan Untuk Selalu Berikan Kebahagian dimanapun Berada dalam Melayani Masyarakat RINGANKAN TANGAN UNTUK MEMBERIKAN KEBAIKAN mabespolri okiupdate kapolri jokowi listyosigitprabowo poldasumsel,Positif"
"327,11/12/2022 03:55,siwaspolresoki,Coffee Morning Bersama Kapolres Ogan Komering Ilir AKBP DILI YANTO SIK SH MH RINGANKAN TANGAN UNTUK MEMBERIKAN KEBAIKAN mabespolri okiupdate kapolri jokowi listyosigitprabowo poldasumsel kapolri akabri2001 kapoldasumsel ArachmadW Rachmadwibowo,Positif"
"328,11/12/2022 03:55,siwaspolresoki,Jaga Sinergitas TNI POLRI Untuk NKRI Aman Dan Nyaman RINGANKAN TANGAN UNTUK MEMBERIKAN KEBAIKAN mabespolri okiupdate kapolri jokowi listyosigitprabowo poldasumsel kapolri akabri2001 kapoldasumsel ArachmadW Rachmadwibowo polisisumsel akpol2001,Positif"
"329,11/12/2022 03:53,WawanBa47692241,Kapolres Ogan Komering Ilir AKBP DILI YANTO SIK SH MH Selalu Mengingatkan Untuk Selalu Berikan Kebahagian dimanapun Berada dalam Melayani Masyarakat RINGANKAN TANGAN UNTUK MEMBERIKAN KEBAIKAN mabespolri okiupdate kapolri jokowi listyosigitprabowo,Positif"
"330,11/12/2022 03:50,WawanBa47692241,Kapolres Ogan Komering Ilir AKBP DILI YANTO SIK SH MH Memberikan Pakan Ikan Di Kebun Keluarga Polres Oki Untuk Menjaga Ketahanan Pangan Di Polres Ogan Komering Ilir RINGANKAN TANGAN UNTUK MEMBERIKAN KEBAIKAN mabespolri okiupdate kapolri jokowi listyosigitprabo,Netral"
"331,11/12/2022 03:48,zuraidbima,Semoga ini menjadi Perhatian Khusus Kapolri agar kita semua tidak sampai terpancing dan terpecah belah Disana sangat jelas terlihat yg kawal anggota POLISI,Positif"
"332,11/12/2022 03:47,maderentin,Mendampingi Kapolri dalam Kunjungan Kerja di Bali upaya percepatan Vaksinasi Booster jelang event internasional serbuan vaksin Bali 16 Februari 2022 salamSEHAT salamTANGGUH,Netral"
"333,11/12/2022 03:31,NTMC_Info,Kakorlantas Polri mendampingi Kapolri Jenderal Listyo Sigit Prabowo memantau beberapa titik ruas jalan disekitar kawasan Hotel Royal Ambarrukmo StopPelanggaranStopKecelakaanKeselamatanUntukKemanusiaan,Netral"
"334,11/12/2022 03:27,jaenal2000,Kapolres Ogan Komering Ilir AKBP DILI YANTO SIK SH MH Memberikan Pakan Ikan Di Kebun Keluarga Polres Oki Untuk Menjaga Ketahanan Pangan Di Polres Ogan Komering Ilir RINGANKAN TANGAN UNTUK MEMBERIKAN KEBAIKAN mabespolri okiupdate kapolri jokowi listyosigitprabowo,Netral"
"335,11/12/2022 03:25,jaenal2000,Kapolres Ogan Komering Ilir AKBP DILI YANTO SIK SH MH Selalu Mengingatkan Untuk Selalu Berikan Kebahagian dimanapun Berada dalam Melayani Masyarakat RINGANKAN TANGAN UNTUK MEMBERIKAN KEBAIKAN mabespolri okiupdate kapolri jokowi listyosigitprabowo poldasumsel,Positif"
"336,11/12/2022 03:24,jaenal2000,Coffee Morning Bersama Kapolres Ogan Komering Ilir AKBP DILI YANTO SIK SH MH RINGANKAN TANGAN UNTUK MEMBERIKAN KEBAIKAN mabespolri okiupdate kapolri jokowi listyosigitprabowo poldasumsel kapolri akabri2001 kapoldasumsel ArachmadW Rachmadwibowo polisisumsel,Positif"
"337,11/12/2022 03:20,jaenal2000,Jaga Sinergitas TNI POLRI Untuk NKRI Aman Dan Nyaman RINGANKAN TANGAN UNTUK MEMBERIKAN KEBAIKAN mabespolri okiupdate kapolri jokowi listyosigitprabowo poldasumsel kapolri akabri2001 kapoldasumsel ArachmadW Rachmadwibowo polisisumsel akpol2001 salamtribrata,Positif"
"338,11/12/2022 03:20,79_two,Kadang terlihat Kapolri sangat lamban pdhl bnyak Jenderal2 di Mabes yg bisa jujur bisa dipercaya tegak lurus nuat apa di gondeli yg neko2 masyarakat yg menilai kondisi Polri skrg tdk kondusif,Positif"
"339,11/12/2022 03:14,AhmadIs05026517,Kapolres Ogan Komering Ilir AKBP DILI YANTO SIK SH MH Memberikan Pakan Ikan Di Kebun Keluarga Polres Oki Untuk Menjaga Ketahanan Pangan Di Polres Ogan Komering Ilir RINGANKAN TANGAN UNTUK MEMBERIKAN KEBAIKAN mabespolri okiupdate kapolri jokowi,Netral"
"340,11/12/2022 03:12,AhmadIs05026517,Kapolres Ogan Komering Ilir AKBP DILI YANTO SIK SH MH Selalu Mengingatkan Untuk Selalu Berikan Kebahagian dimanapun Berada dalam Melayani Masyarakat RINGANKAN TANGAN UNTUK MEMBERIKAN KEBAIKAN mabespolri okiupdate kapolri jokowi,Positif"
"341,11/12/2022 03:11,AhmadIs05026517,Coffee Morning Bersama Kapolres Ogan Komering Ilir AKBP DILI YANTO SIK SH MH RINGANKAN TANGAN UNTUK MEMBERIKAN KEBAIKAN mabespolri okiupdate kapolri jokowi listyosigitprabowo poldasumsel kapolri akabri2001,Positif"
"342,11/12/2022 03:07,RPalungga,Jaga Sinergitas TNI POLRI Untuk NKRI Aman Dan Nyaman RINGANKAN TANGAN UNTUK MEMBERIKAN KEBAIKAN mabespolri okiupdate kapolri jokowi listyosigitprabowo poldasumsel kapolri akabri2001 kapoldasumsel ArachmadW Rachmadwibowo,Positif"
"343,11/12/2022 03:06,AhmadIs05026517,Jaga Sinergitas TNI POLRI Untuk NKRI Aman Dan Nyaman RINGANKAN TANGAN UNTUK MEMBERIKAN KEBAIKAN mabespolri okiupdate kapolri jokowi listyosigitprabowo poldasumsel kapolri akabri2001 kapoldasumsel ArachmadW Rachmadwibowo,Positif"
"344,11/12/2022 03:01,Yupri_2001,Kapolri Jenderal Polisi Drs Listyo Sigit Prabowo memerintahkan kepada seluruh tim dan satgas untuk segera bergerak sehingga pengungkapan peristiwa bom bunuh diri di Polsek Astana Anyar dapat dituntaskan secara maksimal polsekmuarapadang,Netral"
"345,11/12/2022 03:00,RPalungga,Coffee Morning Bersama Kapolres Ogan Komering Ilir AKBP DILI YANTO SIK SH MH RINGANKAN TANGAN UNTUK MEMBERIKAN KEBAIKAN mabespolri okiupdate kapolri jokowi listyosigitprabowo poldasumsel kapolri akabri2001 kapoldasumsel,Positif"
"346,11/12/2022 02:59,RPalungga,Kapolres Ogan Komering Ilir AKBP DILI YANTO SIK SH MH Selalu Mengingatkan Untuk Selalu Berikan Kebahagian dimanapun Berada dalam Melayani Masyarakat RINGANKAN TANGAN UNTUK MEMBERIKAN KEBAIKAN mabespolri okiupdate kapolri jokowi listyosigitprabowo,Positif"
"347,11/12/2022 02:57,RPalungga,Kapolres Ogan Komering Ilir AKBP DILI YANTO SIK SH MH Memberikan Pakan Ikan Di Kebun Keluarga Polres Oki Untuk Menjaga Ketahanan Pangan Di Polres Ogan Komering Ilir RINGANKAN TANGAN UNTUK MEMBERIKAN KEBAIKAN mabespolri okiupdate kapolri jokowi,Netral"
"348,11/12/2022 02:56,subianto_irwan,Kapolres Ogan Komering Ilir AKBP DILI YANTO SIK SH MH Memberikan Pakan Ikan Di Kebun Keluarga Polres Oki Untuk Menjaga Ketahanan Pangan Di Polres Ogan Komering Ilir RINGANKAN TANGAN UNTUK MEMBERIKAN KEBAIKAN mabespolri okiupdate kapolri,Positif"
"349,11/12/2022 02:55,subianto_irwan,Kapolres Ogan Komering Ilir AKBP DILI YANTO SIK SH MH Selalu Mengingatkan Untuk Selalu Berikan Kebahagian dimanapun Berada dalam Melayani Masyarakat RINGANKAN TANGAN UNTUK MEMBERIKAN KEBAIKAN mabespolri okiupdate kapolri jokowi listyosigitprabowo,Positif"
"350,11/12/2022 02:54,IchanTcm,Kapolres Ogan Komering Ilir AKBP DILI YANTO SIK SH MH Memberikan Pakan Ikan Di Kebun Keluarga Polres Oki Untuk Menjaga Ketahanan Pangan Di Polres Ogan Komering Ilir RINGANKAN TANGAN UNTUK MEMBERIKAN KEBAIKAN mabespolri okiupdate kapolri,Positif"
"351,11/12/2022 02:54,subianto_irwan,Coffee Morning Bersama Kapolres Ogan Komering Ilir AKBP DILI YANTO SIK SH MH RINGANKAN TANGAN UNTUK MEMBERIKAN KEBAIKAN mabespolri okiupdate kapolri jokowi listyosigitprabowo poldasumsel,Positif"
"352,11/12/2022 02:54,AgriaSetiawan,Kami butuh keadilan pak presiden pak kapolri binsar RI Karna bandar narkoba beserta oknum polisi diduga bermain dengan bandar besar narkoba melaporkan masyarakat yg kritik terkait narkoba mohon di atensi pak,Positif"
"353,11/12/2022 02:54,subianto_irwan,Jaga Sinergitas TNI POLRI Untuk NKRI Aman Dan Nyaman RINGANKAN TANGAN UNTUK MEMBERIKAN KEBAIKAN mabespolri okiupdate kapolri jokowi listyosigitprabowo poldasumsel,Positif"
"354,11/12/2022 02:53,IchanTcm,Coffee Morning Bersama Kapolres Ogan Komering Ilir AKBP DILI YANTO SIK SH MH RINGANKAN TANGAN UNTUK MEMBERIKAN KEBAIKAN mabespolri okiupdate kapolri jokowi listyosigitprabowo poldasumsel kapolri akabri2001 kapoldasumsel ArachmadW R,Positif"
"355,11/12/2022 02:53,yusuf_aq76,Sikumis Pelundung tambang Illegal kabareskrim reskrim kapan ditangkap pak kapolri,Negatif"
"356,11/12/2022 02:52,IchanTcm,Kapolres Ogan Komering Ilir AKBP DILI YANTO SIK SH MH Selalu Mengingatkan Untuk Selalu Berikan Kebahagian dimanapun Berada dalam Melayani Masyarakat RINGANKAN TANGAN UNTUK MEMBERIKAN KEBAIKAN mabespolri okiupdate kapolri jokowi,Positif"
"357,11/12/2022 02:50,IchanTcm,Jaga Sinergitas TNI POLRI Untuk NKRI Aman Dan Nyaman RINGANKAN TANGAN UNTUK MEMBERIKAN KEBAIKAN mabespolri okiupdate kapolri jokowi listyosigitprabowo poldasumsel kapolri akabri2001 kapoldasumsel ArachmadW Rachmadwibowo polisisumsel,Positif"
"358,11/12/2022 02:47,Koko_Frima,Kapolres OKI AKBP DILI YANTO SIK SH MH Memberikan Pakan Ikan Di Kebun Keluarga Polres Oki Untuk Menjaga Ketahanan Pangan Di Polres OKI mabespolri okiupdate kapolri jokowi listyosigitprabowo poldasumsel kapolri akabri2001 kapoldasumsel ArachmadW Rachmadwibowo,Netral"
"359,11/12/2022 02:46,Vita00990021,Coffee Morning Bersama Kapolres Ogan Komering Ilir AKBP DILI YANTO SIK SH MH RINGANKAN TANGAN UNTUK MEMBERIKAN KEBAIKAN mabespolri okiupdate kapolri jokowi listyosigitprabowo poldasumsel kapolri akabri2001 kapoldasumsel ArachmadW Rachmadwibowo,Positif"
"360,11/12/2022 02:46,Koko_Frima,Kapolres OKIAKBP DILI YANTO SIK SH MH Selalu Mengingatkan Untuk Selalu Berikan Kebahagian dimanapun Berada dlm Melayani Masyarakat mabespolri okiupdate kapolri jokowi listyosigitprabowo poldasumsel kapolri akabri2001 kapoldasumsel ArachmadW Rachmadwibowo polisisumsel,Positif"
"361,11/12/2022 02:46,Vita00990021,Kapolres Ogan Komering Ilir AKBP DILI YANTO SIK SH MH Selalu Mengingatkan Untuk Selalu Berikan Kebahagian dimanapun Berada dalam Melayani Masyarakat RINGANKAN TANGAN UNTUK MEMBERIKAN KEBAIKAN mabespolri okiupdate kapolri jokowi listyosigitprabowo poldasumsel,Positif"
"362,11/12/2022 02:45,Vita00990021,Coffee Morning Bersama Kapolres Ogan Komering Ilir AKBP DILI YANTO SIK SH MH RINGANKAN TANGAN UNTUK MEMBERIKAN KEBAIKAN mabespolri okiupdate kapolri jokowi listyosigitprabowo poldasumsel kapolri akabri2001 kapoldasumsel ArachmadW,Positif"
"363,11/12/2022 02:45,Koko_Frima,Coffee Morning Bersama Kapolres Ogan Komering Ilir AKBP DILI YANTO SIK SH MH mabespolri okiupdate kapolri jokowi listyosigitprabowo poldasumsel kapolri akabri2001 kapoldasumsel ArachmadW Rachmadwibowo polisisumsel akpol2001 salamtribrata polisiindonesia tribrata,Netral"
"364,11/12/2022 02:45,Vita00990021,Jaga Sinergitas TNI POLRI Untuk NKRI Aman Dan Nyaman RINGANKAN TANGAN UNTUK MEMBERIKAN KEBAIKAN mabespolri okiupdate kapolri jokowi listyosigitprabowo poldasumsel kapolri akabri2001 kapoldasumsel ArachmadW Rachmadwibowo polisisumsel akpol2001,Positif"
"365,11/12/2022 02:44,Koko_Frima,Jaga Sinergitas TNI POLRI Untuk NKRI Aman Dan Nyaman mabespolri okiupdate kapolri jokowi listyosigitprabowo poldasumsel kapolri akabri2001 kapoldasumsel ArachmadW Rachmadwibowo polisisumsel akpol2001 salamtribrata polisiindonesia tribrata Polri,Positif"
"366,11/12/2022 02:41,KompasTV,Panglima TNI Kapolri hingga Ketua Umum PSSI Kirim Karangan Bunga Ucapan Selamat untuk Kaesang Erina,Netral"
"367,11/12/2022 02:31,GumantiUsaman,Jaga Sinergitas TNI POLRI Untuk NKRI Aman Dan Nyaman RINGANKAN TANGAN UNTUK MEMBERIKAN KEBAIKAN mabespolri okiupdate kapolri jokowi AKBP Diliyanto KapolresOki Polres Oki Diliyanto Kapolresoki Polres Oki polres oki WisnuW Polresoki Poldasumsel,Positif"
"368,11/12/2022 02:30,martinusnussah,Mantap Bravo Pak Kapolri,Positif"
"369,11/12/2022 02:28,gungmadh_TjLago,Kapolri Jenderal Polisi Drs Listyo Sigit Prabowo memerintahkan kepada seluruh tim dan satgas untuk segera bergerak sehingga pengungkapan peristiwa bom bunuh diri di Polsek Astana Anyar dapat dituntaskan secara maksimal Butuh bantuan Polisi dapat,Positif"
"370,11/12/2022 02:27,PolsekDlingo,Dalam rangka pengamanan rangkaian acara pernikahan Kaesang dan Erina Kapolri Jenderal Polisi Drs Listyo Sigit Prabowo HadirUntukMelayani dan meninjau langsung berbagai kesiapan tim di lapangan yang berada di Jogja,Positif"
"371,11/12/2022 02:21,PBayunglencir,Kapolri SAYA BANGGA BISA BERJUMPA DENGAN KALIAN,Positif"
"372,11/12/2022 02:18,bramagung2020,waduh keliharan skali jjwa iblisnya Bharada E anak buahnya diperintahkan ya pasti jalan coba bayangkan sendjri kl dia menolak perintah atasannya apa tdk berabe karier nya malah kami rakyat menilai loyalitasnya pd atasan kapolri berikan dia kenaikan pangkat dan saveBrada E,Positif"
"373,11/12/2022 02:15,Ayu72163439,Kapolri SAYA BANGGA BISA BERJUMPA DENGAN KALIAN,Positif"
"374,11/12/2022 02:10,NtbGegana,Kapolri Jenderal Polisi Drs Listyo Sigit Prabowo menghadiri kongres Pagar Nusa ke IV di Padepokan Pencak Silat TMII Polri,Positif"
"375,11/12/2022 02:08,ysari2906,Kapolres Ogan Komering Ilir AKBP DILI YANTO SIK SH MH Memberikan Pakan Ikan Di Kebun Keluarga Polres Oki Untuk Menjaga Ketahanan Pangan Di Polres Ogan Komering Ilir RINGANKAN TANGAN UNTUK MEMBERIKAN KEBAIKAN mabespolri okiupdate kapolri jokowi,Netral"
"376,11/12/2022 02:07,ysari2906,Coffee Morning Bersama Kapolres Ogan Komering Ilir AKBP DILI YANTO SIK SH MH RINGANKAN TANGAN UNTUK MEMBERIKAN KEBAIKAN mabespolri okiupdate kapolri jokowi listyosigitprabowo poldasumsel kapolri akabri2001 kapoldasumsel ArachmadW Rachmadwibowo,Positif"
"377,11/12/2022 02:07,ysari2906,Jaga Sinergitas TNI POLRI Untuk NKRI Aman Dan Nyaman RINGANKAN TANGAN UNTUK MEMBERIKAN KEBAIKAN mabespolri okiupdate kapolri jokowi listyosigitprabowo poldasumsel kapolri akabri2001 kapoldasumsel ArachmadW Rachmadwibowo polisisumsel akpol2001,Positif"
"378,11/12/2022 02:06,ysari2906,Kapolres Ogan Komering Ilir AKBP DILI YANTO SIK SH MH Selalu Mengingatkan Untuk Selalu Berikan Kebahagian dimanapun Berada dalam Melayani Masyarakat RINGANKAN TANGAN UNTUK MEMBERIKAN KEBAIKAN mabespolri okiupdate kapolri jokowi listyosigitprabowo poldasumsel,Positif"
"379,11/12/2022 02:06,demokrasicoid,Kapolri Listyo Sigit Unggah Foto Pengamanan Akad Nikah Kaesang Berujung Digeprek Warganet Penting Banget Ya,Positif"
"380,11/12/2022 02:05,ysari2906,Sidokkes Polres OKI Polda Sumsel selalu siaga 24 jamjika ada tahanan Rutan Mako Polres OKI yang sakit Anda tersenyum sehat kami bahagia mabespolri okiupdate kapolri jokowi listyosigitprabowo poldasumsel kapolri akabri2001 kapoldasumsel ArachmadW Rachmadwibowo,Positif"
"381,11/12/2022 02:05,ysari2906,Patroli kesehatan ke Polsek jajaran Polres OKI yang rutin dilakukan Sidokkes Polres OKI Polda Sumsel Anda tersenyum sehat kami bahagia mabespolri okiupdate kapolri jokowi listyosigitprabowo poldasumsel kapolri akabri2001 kapoldasumsel ArachmadW Rachmadwibowo,Positif"
"382,11/12/2022 02:05,Polsekmaron,Persiapan Jelang Nataru Polda Jatim Gelar Anev Sitkamtibmas 2022 PelayananPublik KIPP2022 PolriPresisi OptimisJatimBangkit ListyoSigitPrabowo indonesia,Netral"
"383,11/12/2022 02:04,ysari2906,Informasi kesehatan Sidokkes Polres OKI Polda Sumsel Anda tersenyum sehat kami bahagia mabespolri okiupdate kapolri jokowi listyosigitprabowo poldasumsel kapolri akabri2001 kapoldasumsel ArachmadW Rachmadwibowo polisisumsel akpol2001 salamtribrata,Positif"
"384,11/12/2022 02:04,andreassomplak,Saewad Wah untung kamu buzzer cebong mas kalo kamu seorang kadrun auto di tag tu kapolri mabespolri polri dengan tuduhan pasal 27 ayat 3 UU ite untung kadrun bukan tukang ngadu,Positif"
"385,11/12/2022 02:04,ysari2906,Pelayanan prima Sidokkes Polres OKI Polda Sumsel menjelaskan kepada pasien aturan pakai obat Anda tersenyum sehat kami bahagia mabespolri okiupdate kapolri jokowi listyosigitprabowo poldasumsel kapolri akabri2001 kapoldasumsel ArachmadW Rachmadwibowo,Positif"
"386,11/12/2022 02:03,ysari2906,Sidokkes Polres OKI Polda Sumsel memberikan informasi hak dan kewajiban kepada pasien dan keluarga Anda tersenyum sehat kami bahagia mabespolri okiupdate kapolri jokowi listyosigitprabowo poldasumsel kapolri akabri2001 kapoldasumsel ArachmadW Rachmadwibowo,Positif"
"387,11/12/2022 02:02,ysari2906,Informasi kesehatan Sidokkes Polres OKI Polda sumsel Anda tersenyum sehat kami bahagia mabespolri okiupdate kapolri jokowi listyosigitprabowo poldasumsel kapolri akabri2001 kapoldasumsel ArachmadW Rachmadwibowo polisisumsel akpol2001 salamtribrata,Positif"
"388,11/12/2022 02:02,t_ayuriski6,Sidokkes Polres OKI Polda Sumsel selalu siaga 24 jamjika ada tahanan Rutan Mako Polres OKI yang sakit Anda tersenyum sehat kami bahagia mabespolri okiupdate kapolri jokowi listyosigitprabowo poldasumsel kapolri akabri2001 kapoldasumsel ArachmadW Rachmadwibowo,Positif"
"389,11/12/2022 02:01,t_ayuriski6,Patroli kesehatan ke Polsek jajaran Polres OKI yang rutin dilakukan Sidokkes Polres OKI Polda Sumsel Anda tersenyum sehat kami bahagia mabespolri okiupdate kapolri jokowi listyosigitprabowo poldasumsel kapolri akabri2001 kapoldasumsel ArachmadW Rachmadwibowo,Positif"
"390,11/12/2022 02:01,t_ayuriski6,Informasi kesehatan Sidokkes Polres OKI Polda Sumsel Anda tersenyum sehat kami bahagia mabespolri okiupdate kapolri jokowi listyosigitprabowo poldasumsel kapolri akabri2001 kapoldasumsel ArachmadW Rachmadwibowo polisisumsel akpol2001,Positif"
"391,11/12/2022 02:01,t_ayuriski6,Pelayanan prima Sidokkes Polres OKI Polda Sumsel menjelaskan kepada pasien aturan pakai obat Anda tersenyum sehat kami bahagia mabespolri okiupdate kapolri jokowi listyosigitprabowo poldasumsel kapolri akabri2001 kapoldasumsel ArachmadW Rachmadwibowo,Positif"
"392,11/12/2022 02:00,t_ayuriski6,Sidokkes Polres OKI Polda Sumsel memberikan informasi hak dan kewajiban kepada pasien dan keluarga Anda tersenyum sehat kami bahagia mabespolri okiupdate kapolri jokowi listyosigitprabowo poldasumsel kapolri akabri2001 kapoldasumsel ArachmadW Rachmadwibowo,Positif"
"393,11/12/2022 01:59,t_ayuriski6,Informasi kesehatan Sidokkes Polres OKI Polda sumsel Anda tersenyum sehat kami bahagia mabespolri okiupdate kapolri jokowi listyosigitprabowo poldasumsel kapolri akabri2001 kapoldasumsel ArachmadW Rachmadwibowo,Positif"
"394,11/12/2022 01:57,Pedro81422229,Ini mah harus ditangkap dia niat mau kudeta ayo pak kapolri,Netral"
"395,11/12/2022 01:55,1983Danangg,Kapolri Jenderal Polisi Drs Listyo Sigit Prabowo Kunjungan penuh haru pimpinan Korps Bhayangkara itu menjadi semangat tersendiri bagi para korban Polripresisi poldasumsel Kapoldasumsel polresbanyuasin polisibanyuasin kapolresbanyuasin,Positif"
"396,11/12/2022 01:54,detikcom,Menteri BUMN Erick Thohir tiba terlebih dahulu di Rumah Dinas Wali Kota Solo Loji Gandrung Solo Selain Erick ada juga Kapolri Jenderal Listyo Sigit Prabowo KaesangErina Via jateng,Positif"
"397,11/12/2022 01:46,1983Danangg,Kapolri Jenderal Polisi Drs Listyo Sigit Prabowo menjenguk korban peristiwa bom bunuh diri Mapolsek Astana Anyar di Rumah Sakit Immanuel Bandung Jawa Barat Polripresisi poldasumsel Kapoldasumsel polresbanyuasin polisibanyuasin kapolresbanyuasin,Netral"
"398,11/12/2022 01:40,SudirjaBambang,kasus penganiayaan yang dilakukan oleh 7 orang yang dilaporkan di sudah hampir 2 bulan tidak ada perkembangan apa harus di viral dulu baru di proses pak info detail sudah terkirim di inbok Pak Kapolri silahkan di buka mumpung bapak lagi di Jogja,Positif"
"399,11/12/2022 01:39,HumasMuara,Kapolri Jenderal Polisi Drs Listyo Sigit Prabowo memerintahkan kepada seluruh tim dan satgas untuk segera bergerak sehingga pengungkapan peristiwa bom bunuh diri di Polsek Astana Anyar dapat dituntaskan secara maksimal polsekmuarapadang,Netral"
"400,11/12/2022 01:36,1983Danangg,Kapolri Jenderal Polisi Drs Listyo Sigit Prabowo memerintahkan kepada seluruh tim dan satgas untuk segera bergerak sehingga pengungkapan peristiwa bom bunuh diri di Polsek Astana Anyar Polripresisi Kapoldasumsel polresbanyuasin polisibanyuasin,Netral"
"401,11/12/2022 01:17,dhl34,Ya pak wapres tinggal berdiskusi dengan presiden selanjutnya panggil kapolri KPK kejaksaan berikan perintah kepada mereka itu akan lebih baik klo tidak bisa dan tidak sesuai mundur akan lebih dihargai itu action niat yg kuat,Positif"
"402,11/12/2022 01:16,Lintas_MNCTV,Kapolri Jenderal Listyo Sigit waspadai potensi ancaman kejahatan acara ngunduh mantu Putra Presiden Jokowi di Loji Gandrung Solo Minggu Selengkapnya LintasiNews News MNCTVNews Berita KaesangErina Jokowi kapolriListyoSigit KaesangPangarep,Netral"
"403,11/12/2022 01:03,Polsek_Jtp1,Jelang Hari H Pernikahan Kaesang Kapolri Cek Langsung Kesiapan Rute Kirab SOLO Matangkan persiapan pengamanan Kapolri Jendral Pol Listyo Sigit Prabowo turun langsung melakukan pengecekan akhir rute kirab pasangan pengantin Kaesang Erina di Jalan Slamet Riyadi Surakarta,Negatif"
"404,11/12/2022 00:48,Prakarsa99Willy,Salut buat Pak Kapolri Jend Pol Listyo Sigit Prabowo dan Jajaran tidak ada mengenal kata istirahat,Negatif"
"405,11/12/2022 00:39,news_wanheart,Kapolri Listyo Sigit Unggah Foto Pengamanan Akad Nikah Kaesang Berujung Digeprek Warganet Penting Banget Ya,Positif"
"406,11/12/2022 00:28,poldajateng_,Cek Kesiapan Ngunduh Mantu Putra Presiden RI Kapolda Jateng Dampingi Bp kapolri Asistensi dan Pengecekan Kesiapan Pengamanan Ngunduh Mantu Putra Presiden RI yang bertempat di Lodji Gandrung Pura Mangkunegaran dan Benteng Vastenburg Surakarta Sabtu 10 12,Netral"
"407,11/12/2022 00:20,Kadalarab20,Sejak kapan pengusaha sukses bisa menerjunkan kapolri dan 10 ribu aparat,Positif"
"408,11/12/2022 00:17,detik_jateng,Erick Thohir Luhut hingga Kapolri Tiba di Loji Gandrung,Netral"
"409,11/12/2022 00:14,poldajateng_,Cek Kesiapan Ngunduh Mantu Putra Presiden RI Kapolda Jateng Dampingi Bp kapolri Asistensi dan Pengecekan Kesiapan Pengamanan Ngunduh Mantu Putra Presiden RI yang bertempat di Lodji Gandrung Pura Mangkunegaran dan Benteng Vastenburg Surakarta Sabtu 10 12,Netral"
"410,11/12/2022 00:08,kompascom,Kapolri sempat menyapa warga Solo yang menyaksikan acara adat ngunduh mantu Kaesang dan Erina di depan Loji Gandrung,Netral"
"411,11/12/2022 00:04,Bambang71161953,Aman bagaimana anggota bapak KAPOLRI ingin berkata jujur malah ingin ditahan apa tunggu perang saudara saya baru saja menyanjung bapak KAPOLRI tapi apa ternyata saya salah mengartikan,Positif"
"412,10/12/2022 23:53,Raja378Raja3781,Jelang Hari H Pernikahan Kaesang Kapolri Cek Langsung Kesiapan Rute Kirab,Netral"
"413,10/12/2022 23:16,marthinloren,INSTRUKSI KAPOLRI Untuk Masyarakat polisi polri kapolri,Netral"
"414,10/12/2022 23:11,VIVAcoid,Kapolri Pastikan Seluruh Pengamanan Rangkaian Pernikahan Kaesang Erina,Netral"
"415,10/12/2022 22:33,rikisya36034558,Kirab Pengantin Kaesang Erina Ini yang Jadi Perhatian Serius Kapolri,Negatif"
"416,10/12/2022 22:33,YuriEndah,Kirab Pengantin Kaesang Erina Ini yang Jadi Perhatian Serius Kapolri,Negatif"
"417,10/12/2022 22:00,Clara63454767,Polri reskrim Iya KAPOLRI sm anak buah nya Jiper sm Akun ini,Negatif"
"418,10/12/2022 21:41,voidotid,Menteri Pariwisata dan Ekonomi Kreatif Sandiaga Uno mengatakan akan berkoordinasi dengan Kapolri terkait substansi dan implementasi Pasal 424 tentang minuman kera,Positif"
"419,10/12/2022 21:40,wahananewsdotco,Kapolri Usut Kasus WNI Korban Online Scam di Kamboja DPR Apersiasi Setinggi tingginya KapolriJenderalListyoSigit ListyoSigit Penipuan OnlineScam,Positif"
"420,10/12/2022 21:31,Polsekgiriwoyo8,Jelang Hari H Pernikahan Kaesang Kapolri Cek Langsung Kesiapan Rute Kirab SOLO Matangkan persiapan pengamanan Kapolri Jendral Pol Listyo Sigit Prabowo turun langsung melakukan pengecekan akhir rute kirab pasangan pengantin Kaesang Erina di Jalan Slamet Riyadi Kota Solo,Negatif"
"421,10/12/2022 21:31,ajjjelia,Lu yang ngentod kapolri yg suru mikir laaa situ waras,Netral"
"422,10/12/2022 20:52,JBucharyA46,Teman2 sekalian mohon bantuannya untuk di Up agar dapat di notice oleh pak kapolri saat ini proses penyidikan telah berjalan akan tetapi di takutkan korban mendapat ancaman atau hal lain yang dapat mengganggu proses hukum mohon bantuannya,Netral"
"423,10/12/2022 19:10,liputan6dotcom,Kapolri Arus Lalu Lintas Jadi Perhatian Saat Kirab Kaesang Erina,Netral"
"424,10/12/2022 18:53,Baranewsaceh,Kapolri Peringatan Hakordia Tumbuhkan Kesadaran Dampak Buruk Korupsi,Negatif"
"425,10/12/2022 18:22,bobatea271,Dalam rangka pengamanan rangkaian acara pernikahan Kaesang dan Erina Kapolri Jenderal Polisi Drs Listyo Sigit Prabowo hadir di Jogja untuk meninjau langsung berbagai kesiapan tim di lapangan HadirUntukMelayani Setia Untuk Negeri,Positif"
"426,10/12/2022 17:30,FNt70,Tahu Kapolri sekarang sepertinya sangat petagu jk berhadapan dg genk2 kadrun otak separoh ini,Negatif"
"427,10/12/2022 17:21,TmcWonogiri,Jelang Hari H Pernikahan Kaesang Kapolri Cek Langsung Kesiapan Rute Kirab,Netral"
"428,10/12/2022 16:40,detikcom,Pimpinan DPR apresiasi Kapolri Jenderal Listyo Sigit memerintahkan jajarannya menyelidiki kasus penyekapan 34 WNI korban perusahaan online scam di Kamboja,Positif"
"429,10/12/2022 16:35,polreslotim,Kapolres Lotim AKBP Hery Indra Cahyono SH S I K M H Bersama anggota Laksanakan Silaturahmi ke Pimpinan Ponpes Tajul Karomah Karya Adi Husada Batu Belek Kel Rakam Kec Selong Lotim poldantb polripresisi kapolri polreslomboktimur polrihadirmelayani,Netral"
"430,10/12/2022 16:18,polreslotim,Patroli Blue Light Polres Lombok Timur Personil Polres Lombok Timur yang dipimpin oleh Kapolres Lotim AKBP Hery Indra Cahyono SH S I K M H Laksanakan Patroli Blue Light dalam rangka menjaga dan memelihara Harkamtibmas di Kab Lombok Timur poldantb polripresisi kapolri,Positif"
"431,10/12/2022 16:14,hanendra_s,kalau rakyat nikah butuh pengamanan hubungi kemana pak kapolri,Netral"
"432,10/12/2022 16:13,RepelitaO,HOT NEWS Kapolri Listyo Sigit Unggah Foto Pengamanan Akad Nikah Kaesang Berujung Digeprek Warganet Penting Banget Ya,Positif"
"433,10/12/2022 16:06,Maha29885400,KENAPA EMANGNYA KOK GA DISALAMI PAK JOKOWI KAYAK ANAK KECIL SEPENGETAHUAN SAYA PAK KAPOLRI SUDAH BEKERJA DENGAN BAIK MESKIPUN TIDAK BERKENAN TETAPLAH DISALAMI KAN ADA ADAB DAN ETIKANYA,Negatif"
"434,10/12/2022 16:03,Robert_7ahaan,Polri reskrim Backingnya Pak Kapolri MakNya ngak ada yg berani menangkapnya,Netral"
"435,10/12/2022 15:57,Yanto46703906,Pentinglh pasti klu ad apa2 yng di slhn kapolri,Positif"
"436,10/12/2022 15:52,Nov1R007,Kemarin pemerintah yang diwakili Pak Menko Polhukam kemudian saya mendampingi dan Pak Kapolri sudah mengumumkan dilanjutkan kembali kompetisi sepak bola yang tersisa kan sempat ditunda karena ada kejadian di Kanjuruhan,Netral"
"437,10/12/2022 15:39,Bang_Ardyan,Pak Kapolri Pak Kapolda Sumbar Polri tolong ditertibkan pemuda yg mengatur jalan buka tutup di Pangkalan Koto Baru Sumbar krn sudah mulai mengancam sopir yg lewat utk menyerahkan uang pengaturan lalu lintas,Positif"
"438,10/12/2022 15:36,jawapos,Kapolri Arus Lalu Lintas Jadi Perhatian Saat Kirab Kaesang Erina,Netral"
"439,10/12/2022 15:29,CimerakPolsek,Dalam rangka pengamanan rangkaian acara pernikahan Kaesang dan Erina Kapolri Jenderal Polisi Drs Listyo Sigit Prabowo HadirUntukMelayani dan meninjau langsung berbagai kesiapan tim di lapangan yang berada di Jogja,Positif"
"440,10/12/2022 15:14,merdekadotcom,Kapolri Antisipasi Aksi Kejahatan saat Ngunduh Mantu Kaesang Erina,Netral"
"441,10/12/2022 15:05,kontenislam_com,Kapolri Listyo Sigit Unggah Foto Pengamanan Akad Nikah Kaesang Berujung Digeprek Warganet Penting Banget Ya,Positif"
"442,10/12/2022 15:05,rmol_id,Kapolri Pastikan Seluruh Rangkaian Pernikahan Kaesang dan Erina Aman,Positif"
"443,10/12/2022 15:02,mynewsindo,Kapolri Pastikan Amankan Seluruh Rangkaian Pernikahan Kaesang Erina,Positif"
"444,10/12/2022 14:53,tempodotco,Kapolri Sebut Pengaturan Lalu Lintas Kirab Pengantin Kaesang Erina Jadi Perhatian Polisi TempoNasional,Netral"
"445,10/12/2022 14:51,saviraroza,Polri Mantap bapak Kapolri Jaya terus Polri,Positif"
"446,10/12/2022 14:50,voidotid,Kapolri Jenderal Pol Listyo Sigit Prabowo mengatakan pengaturan arus lalu lintas di sekitar rute kirab pengantin Kaesang Pangarep dan Erina Gudono,Netral"
"447,10/12/2022 14:49,heywalikota,Kapolri digeprek warganet Ketawa lagi lu,Netral"
"448,10/12/2022 14:44,mierthea78,Tanya hatimu aja pa kapolri Kalo benar lanjutkan kalo ada yg salah serasa tabu Maka lihat kembali UU kepolisian Jangan pertontonkan Sepertinya hanya pejabat yg bisa nyuruh nyuruh polisi Pengamanan pernikahan terukur n diukur Hemat anggaran Karena negeri ini banyak urang,Negatif"
"449,10/12/2022 14:39,kumparan,Jenderal Sigit mengatakan pihaknya akan fokus mengatur lalu lintas di sepanjang jalan yang dilalui Kaesang dan Erina Sebab akan banyak masyarakat melihat langsung acara tersebut kumparanNEWS,Positif"
"450,10/12/2022 14:33,Beritasatu,Antisipasi Ancaman Kapolri Cek Langsung Lokasi Pernikahan Kaesang Erina,Positif"
"451,10/12/2022 14:27,OposisiCerdas,Kapolri Listyo Sigit Unggah Foto Pengamanan Akad Nikah Kaesang Berujung Digeprek Warganet Penting Banget Ya,Positif"
"452,10/12/2022 14:22,celebdotid,Polri Siap Amankan Seluruh Rangkaian Pernikahan Kaesang dan Erina Begini Kata Kapolri Jenderal Listyo Sigit CelebritiesDotID InfoCelebTerkini,Positif"
"453,10/12/2022 14:08,Putra80964960,Sekelas KAPOLRI tpi tdk berkelas berantas tuh MAFIA TAMBANG,Negatif"
"454,10/12/2022 14:06,nuningBening,cen Polri reskrim SambO itu gank nya sdh mngakar kuat sejak lama Jd klo membasmi pentolan nya MUSTI sampe ke akar2nya Dan itu tdklah mudah Buktinya Presiden sampe ngasih komando brp kali ke Kapolri Korban SambO pun ada yg tdk tahu menahu spt ART nya Jd sabar saja Itung2 kita ngliat sinetron,Negatif"
"455,10/12/2022 13:58,suaradotcom,Kurang lebih 10 800 personel dari TNI Polri dan instansi lainnya dikerahkan guna mengawal pernikahan putra bungsu Presiden Jokowi,Negatif"
"456,10/12/2022 13:56,barapfahri,POLSEK MESUJI MAKMUR ulurkan tangan mu untuk membantu sesama untuk memberikan manfaat bagi orang lain mabespolri okiupdate kapolri jokowi listyosigitprabowo poldasumsel kapolri akabri2001 kapoldasumsel ArachmadW Rachmadwibowo polisisumsel akpol2001,Negatif"
"457,10/12/2022 13:54,Citayam_FW,Pasal 424 KUHP Ancam Pelaku Pariwisata Sandiaga Uno Akan Koordinasi dengan Kapolri citayamfashionweek cfw,Negatif"
"458,10/12/2022 13:52,HTualang,Untuk kelancaran Ibadah Personil Polsek Tualang Polres Siak Polda Riau melaksanakan pengamanan perayaan Natal di Gedung PT IKPP Perawang indonesia riau siak polres siak humaspolsektualang siak riau,Positif"
"459,10/12/2022 13:52,geloraco,Kapolri Listyo Sigit Unggah Foto Pengamanan Akad Nikah Kaesang Berujung Digeprek Warganet Penting Banget Ya,Positif"
"460,10/12/2022 13:51,eradotid,Kapolri Pastikan Amankan Seluruh Rangkaian Pernikahan Kaesang dan Erina,Positif"
"461,10/12/2022 13:49,Vita00990021,Informasi kesehatan Sidokkes Polres OKI Polda sumsel Anda tersenyum sehat kami bahagia mabespolri okiupdate kapolri jokowi listyosigitprabowo poldasumsel kapolri akabri2001 kapoldasumsel ArachmadW Rachmadwibowo polisisumsel akpol2001 salamtribrata,Positif"
"462,10/12/2022 13:48,Vita00990021,Sidokkes Polres OKI Polda Sumsel memberikan informasi hak dan kewajiban kepada pasien dan keluarga Anda tersenyum sehat kami bahagia mabespolri okiupdate kapolri jokowi listyosigitprabowo poldasumsel kapolri akabri2001 kapoldasumsel ArachmadW Rachmadwibowo,Positif"
"463,10/12/2022 13:47,Vita00990021,Pelayanan prima Sidokkes Polres OKI Polda Sumsel menjelaskan kepada pasien aturan pakai obat Anda tersenyum sehat kami bahagia mabespolri okiupdate kapolri jokowi listyosigitprabowo poldasumsel kapolri akabri2001 kapoldasumsel ArachmadW Rachmadwibowo,Positif"
"464,10/12/2022 13:46,Vita00990021,Informasi kesehatan Sidokkes Polres OKI Polda Sumsel Anda tersenyum sehat kami bahagia mabespolri okiupdate kapolri jokowi listyosigitprabowo poldasumsel kapolri akabri2001 kapoldasumsel ArachmadW Rachmadwibowo,Positif"
"465,10/12/2022 13:46,okezonenews,Kapolri Pastikan Amankan Seluruh Rangkaian Pernikahan Kaesang Erina LengkapCepatBeritanya BeritaTerkini Berita News BeritaNasional,Positif"
"466,10/12/2022 13:46,Vita00990021,Patroli kesehatan ke Polsek jajaran Polres OKI yang rutin dilakukan Sidokkes Polres OKI Polda Sumsel Anda tersenyum sehat kami bahagia mabespolri okiupdate kapolri jokowi listyosigitprabowo poldasumsel kapolri akabri2001 kapoldasumsel ArachmadW Rachmadwibowo,Positif"
"467,10/12/2022 13:45,Vita00990021,Sidokkes Polres OKI Polda Sumsel selalu siaga 24 jamjika ada tahanan Rutan Mako Polres OKI yang sakit Anda tersenyum sehat kami bahagia mabespolri okiupdate kapolri jokowi listyosigitprabowo poldasumsel kapolri akabri2001 kapoldasumsel ArachmadW Rachmadwibowo,Positif"
"468,10/12/2022 13:44,CNNIndonesia,Cek TKP Ngunduh Mantu Kaesang Erina Kapolri Waspada Potensi Kejahatan,Netral"
"469,10/12/2022 13:42,BetungJuni,Tamu terlebih dahulu diminta untuk membuka isi tas menunjukkan barang tersebut kepada personil yang berjaga Setelah diyakini aman baru tamu tersebut diberikan akses masuk Tandas Kapolda Sumsel poldasumsel kapoldasumsel listyosigitprabowo polresbanyuasin polsekbetung,Positif"
"470,10/12/2022 13:36,1998asgd,Kapolri tidur,Netral"
"471,10/12/2022 13:32,N4T0_,79 Numpang nanya sejak kpn ya jd pengusaha nya Maaf klo sy belajar dari mantan kapolri Hoegeng yg melarang istrinya jd pengusaha kembang krn takut dimanfaatkan koleganya saat menjabat dirjen imigrasi,Negatif"
"472,10/12/2022 13:30,HTualang,Kegiatan Nasrani Personil Polres Siak pemberian Tali Asih dan Sembako dalam rangka menyambut Perayaan Natal tahun 2022 indonesia riau siak polres siak humaspolsektualang siak riau,Positif"
"473,10/12/2022 13:26,gerbangbirugbla,Maaf Pak Kapolri Polri kami sudah berkali2 melaporkan balap liar di sekitar Stadion GBLA ke polisi kok gak ada tindakan presisi dan terukur ya Marak terus knalpot bising balapan liar pak Harus dilempar batu Mahalini Paha Anya Kaesang Wartawan,Negatif"
"474,10/12/2022 13:26,danangmauulana,Salah sampean iku mas mereka itu sudah sepenuhnya melayani sesuai prosedur terukur terarah presisi sesuai sop bhkn janji pak kapolri ketika uji kelayaakn di dpr urus pelayanan dipolisi bkal secepat restoran cepat saji,Positif"
"475,10/12/2022 13:21,detik_jateng,Pantau Puro Mangkunegaran Kapolri Cek Metal Detector Parkiran,Netral"
"476,10/12/2022 13:21,kabartimlo,Kapolri Cek Pengamanan Akhir Jelang Hari H Ngunduh Mantu Jokowi,Netral"
"477,10/12/2022 13:21,timlovers,Kapolri Cek Pengamanan Akhir Jelang Hari H Ngunduh Mantu Jokowi,Netral"
"478,10/12/2022 13:14,tvOneNews,Ngunduh Mantu Kaesang Erina di Solo Kapolri Pengaturan Lalu Lintas Harus Diperhatikan,Netral"
"479,10/12/2022 13:12,Muslimsiregar18,Polri Luar biasa bapak Kapolri semoga sehat dan sukses selalu Bravo Polri,Positif"
"480,10/12/2022 13:10,mediaindonesia,Pasalnya dalam satu kesempatan Kamaruddin menyebut polisi itu mengabdi kepada negara hanya satu minggu dan sisanya kepada mafia,Netral"
"481,10/12/2022 13:08,KinkinAsikin1,pro Kapolri diangkat presiden Jadi kgk mungkin nangkap presiden,Netral"
"482,10/12/2022 13:08,republikaonline,Kapolri mengatakan ada beberapa fokus dalam pengamanan ketika acara ngunduh mantu,Netral"
"483,10/12/2022 13:07,PolsektroTabang,Dalam rangka pengamanan rangkaian acara pernikahan Kaesang dan Erina Kapolri Jenderal Polisi Drs Listyo Sigit Prabowo HadirUntukMelayani dan meninjau langsung berbagai kesiapan tim di lapangan yang berada di Jogja,Positif"
"484,10/12/2022 13:05,20detik,Sandiaga Uno Bakal Koordinasi dengan Kapolri Bahas Pasal Baru KUHP,Negatif"
"485,10/12/2022 13:02,kumparan,Pengaturan lalu lintas saat kirab pernikahan Kaesang Erina dinilai Kapolri perlu diperhatikan karena akan menarik perhatian masyarakat publisherstory bengawannews,Netral"
"486,10/12/2022 13:00,Radenlangitan,Jendral Kapolri aja ga bisa ngapa2in Lha Aipda,Positif"
"487,10/12/2022 13:00,bedigasans,mas kaesang keren banget nikahnya bisa di datengi Presiden Panglima TNI Kapolri Walikota Medan amp Walikota Solo,Positif"
"488,10/12/2022 12:59,humaspolsekgk,Dalam rangka pengamanan rangkaian acara pernikahan Kaesang dan Erina Kapolri Jenderal Polisi Drs Listyo Sigit Prabowo HadirUntukMelayani dan meninjau langsung berbagai kesiapan tim di lapangan yang berada di Jogja,Positif"
"489,10/12/2022 12:58,prijujur1,Yth bpk kapolri Mohon memonitor Polresta Sleman agar upaya penangkapan dokter palsu segera dimulai,Negatif"
"490,10/12/2022 12:58,Beritasatu,Kirab Kaesang Erina Kapolri Lalu Lintas Jadi Perhatian,Netral"
"491,10/12/2022 12:56,12Jasman,Polri Mantap Bapak Kapolri masih cinta kebudayaan bangsa dgn bukti hadir pada kongres Pagar Nusa Ke IV bravo Polri untuk negeri,Netral"
"492,10/12/2022 12:54,aduhyand,Jubir nikahan Kaesang Ini Kaesang keren banget sih Acara nikahannya dia di datengin sama Presiden Menteri Walikota Kapolri dll Padahal dia bukan dari elit Politik Hanya masyarakat biasa yg jualan pisang Kerenn bangettt asli,Positif"
"493,10/12/2022 12:51,BagasWrs_,Cega Awalnya dari pemerintah dulu bikin peraturan bilamana ceramah ada konten mengarah ke radikalisme polisi siap memberhentikan ceramah dan memproses penceramah ke ranah hukum harus tegas maaf mungkin krn Kapolri non muslim jd geraknya agak takut2 takut di beri jargon anti islam,Negatif"
"494,10/12/2022 12:49,20detik,Kapolri Pantau Pengamanan Jelang H 1 Tasyakuran Kaesang Erina,Netral"
"495,10/12/2022 12:47,JuarsyahZed,POLSEK MESUJI MAKMUR ulurkan tangan mu untuk membantu sesama untuk memberikan manfaat bagi orang lain mabespolri okiupdate kapolri jokowi listyosigitprabowo poldasumsel kapolri akabri2001 kapoldasumsel ArachmadW Rachmadwibowo polisisumsel,Netral"
"496,10/12/2022 12:47,HUMAS_4lawang,Arahan Bapak kapolri kepada jajaran untuk meraih kembali kepercayaan publik hingga menghindari pelanggaran kapoldasumsel kapolresempatlawangpoldasumsel poldasumsel polresempatlawang humaspolresempatlawang humaspolsekpaiker,Netral"
"497,10/12/2022 12:46,JuarsyahZed,POLSEK MESUJI MAKMUR Tebarkan senyuman dengan penuh ke ikhlasan dalam setiap langkah mabespolri okiupdate kapolri jokowi listyosigitprabowo poldasumsel kapolri akabri2001 kapoldasumsel ArachmadW Rachmadwibowo polisisumsel,Positif"
"498,10/12/2022 12:46,Desri24428503,Cega Pak knp kinerja kapolri ini tdk di kontrol Knp dbiarkan sj seenaknya spt itu tdk tg jwb di jabatan utk mnegakkan hukum peraturan di NKRI trmasuk ngontrol kinerja pnegakan hukum dr org yg dipimpinnya Jk merugikan Bangsa Negara knp gak di ganti aja,Netral"
"499,10/12/2022 12:43,pikiran_rakyat,Pasal 424 KUHP Ancam Pelaku Pariwisata Sandiaga Uno Siap Berkoordinasi dengan Kapolri,Negatif"
